id,timestamp,media_type,media_product_type,permalink,like_count,comments_count,reach,saved,shares,total_interactions,insights_error
17912228016185815,2026-04-23T02:55:11+0000,IMAGE,FEED,https://www.instagram.com/p/DXdUo0_Duw5/,3,0,78,0,0,3,
18111633046631334,2026-04-22T23:33:09+0000,IMAGE,FEED,https://www.instagram.com/p/DXc9hb4jvco/,2,0,70,0,0,2,
17884621992513984,2026-04-22T22:00:24+0000,IMAGE,FEED,https://www.instagram.com/p/DXcy6JYDm31/,7,0,102,0,0,7,
18076755935366288,2026-01-31T14:02:05+0000,VIDEO,REELS,https://www.instagram.com/reel/DULXwpNjDTt/,10,2,219,0,0,12,
18085910036094146,2025-12-18T20:02:22+0000,VIDEO,REELS,https://www.instagram.com/reel/DSat-ZVDAo_/,15,1,217,0,0,16,
18105373492735509,2025-12-17T19:00:42+0000,VIDEO,REELS,https://www.instagram.com/reel/DSYCKXZDDXH/,74,1,861,1,2,78,
17974764737809706,2025-12-17T02:38:13+0000,VIDEO,REELS,https://www.instagram.com/reel/DSWRuZXjP4q/,21,0,365,0,0,21,
18075070838588361,2025-12-16T03:30:50+0000,VIDEO,REELS,https://www.instagram.com/reel/DSTy9zOjAip/,19,0,355,0,0,19,
18068022020629188,2025-12-15T21:44:37+0000,VIDEO,REELS,https://www.instagram.com/reel/DSTLVQvDK-8/,51,2,372,1,0,54,
17892248883385789,2025-12-15T21:03:59+0000,VIDEO,REELS,https://www.instagram.com/reel/DSTGsZJjLh7/,33,1,257,0,0,34,
18086590582839807,2025-12-15T18:15:27+0000,VIDEO,REELS,https://www.instagram.com/reel/DSSzZQMjJhd/,11,0,275,1,0,12,
18278235847303998,2025-12-14T20:05:43+0000,VIDEO,REELS,https://www.instagram.com/reel/DSQbOBBDKT7/,65,2,413,1,0,68,
17886148989408339,2025-12-14T19:58:31+0000,VIDEO,REELS,https://www.instagram.com/reel/DSQaZPijOW2/,51,2,340,1,1,55,
17892255945384487,2025-12-14T18:57:56+0000,VIDEO,REELS,https://www.instagram.com/reel/DSQTdi3jMsL/,79,3,674,6,7,95,
18062646830381663,2025-10-18T21:39:13+0000,IMAGE,FEED,https://www.instagram.com/p/DP90otvEUml/,7,0,207,0,1,8,
18012955910792422,2025-10-05T13:53:27+0000,VIDEO,REELS,https://www.instagram.com/reel/DPbg_ddkYT4/,27,0,286,0,0,27,
18040450091457350,2025-09-22T21:09:09+0000,IMAGE,FEED,https://www.instagram.com/p/DO60hu7Ebkp/,12,0,176,0,0,12,
18061476890254115,2025-08-31T00:43:29+0000,IMAGE,FEED,https://www.instagram.com/p/DN_-xdIEfKd/,8,1,202,0,0,9,
17872905234401312,2025-08-01T00:40:48+0000,IMAGE,FEED,https://www.instagram.com/p/DMyunkLRo4l/,48,2,246,0,0,50,
18084211645800882,2025-07-10T13:50:42+0000,IMAGE,FEED,https://www.instagram.com/p/DL7fhnZx3uY/,34,1,372,0,1,36,
18120788743463364,2025-06-28T22:23:22+0000,CAROUSEL_ALBUM,FEED,https://www.instagram.com/p/DLdgqA7xfO_/,27,3,746,1,0,31,
18045144680250295,2025-06-25T21:02:13+0000,IMAGE,FEED,https://www.instagram.com/p/DLVo_DDx-vO/,34,0,273,1,0,35,
18063096401107247,2025-05-06T20:45:07+0000,IMAGE,FEED,https://www.instagram.com/p/DJU3SB-RWN5/,56,5,384,0,1,62,
17848265436416260,2025-04-09T22:54:38+0000,IMAGE,FEED,https://www.instagram.com/p/DIPkpC7R7Zk/,14,1,195,0,0,15,
17873520525225057,2025-04-01T01:15:55+0000,IMAGE,FEED,https://www.instagram.com/p/DH4pp-PRn5q/,18,0,210,1,0,19,
17944769684971037,2025-03-31T23:21:37+0000,IMAGE,FEED,https://www.instagram.com/p/DH4ck2NR8Zu/,23,2,262,0,0,25,
18145769473364475,2025-02-08T12:29:22+0000,IMAGE,FEED,https://www.instagram.com/p/DFz9Y8eRLlZ/,10,0,242,0,0,10,
18056550160979143,2025-01-27T18:07:44+0000,IMAGE,FEED,https://www.instagram.com/p/DFVqkvQxljR/,20,0,249,0,0,20,
17891986617153782,2025-01-09T11:10:35+0000,IMAGE,FEED,https://www.instagram.com/p/DEmkhqoR98m/,37,0,407,0,0,37,
17856531447348192,2025-01-07T12:14:35+0000,IMAGE,FEED,https://www.instagram.com/p/DEhiQrXxMon/,20,0,315,0,0,20,
18072879937593874,2025-01-06T01:34:06+0000,IMAGE,FEED,https://www.instagram.com/p/DEd0Kw2MOf4/,12,0,241,0,0,12,
18063129979873140,2025-01-05T22:38:30+0000,IMAGE,FEED,https://www.instagram.com/p/DEdgEl7Rl-5/,11,0,298,0,0,11,
18074529445617764,2024-12-23T13:40:32+0000,IMAGE,FEED,https://www.instagram.com/p/DD7ELHOxC7-/,23,0,398,0,0,23,
17882637450191251,2024-12-22T20:22:35+0000,IMAGE,FEED,https://www.instagram.com/p/DD5NY4bRFCW/,26,0,428,1,0,27,
18047405957120476,2024-12-21T15:46:39+0000,IMAGE,FEED,https://www.instagram.com/p/DD2JBFFxDQK/,90,0,658,1,0,91,
18060374296830720,2024-11-13T12:07:40+0000,IMAGE,FEED,https://www.instagram.com/p/DCT5v8mx9Rm/,58,1,689,0,1,60,
17881187400090371,2024-11-10T12:29:48+0000,IMAGE,FEED,https://www.instagram.com/p/DCMN5X1RfKE/,39,1,664,1,1,42,
18032563514362284,2024-11-07T00:12:18+0000,IMAGE,FEED,https://www.instagram.com/p/DCDLHJ6xhcD/,31,0,600,0,0,31,
17912360865021023,2024-11-06T17:48:15+0000,IMAGE,FEED,https://www.instagram.com/p/DCCfKTRRWaU/,67,2,1011,3,2,74,
17973578822651937,2024-11-06T11:03:09+0000,IMAGE,FEED,https://www.instagram.com/p/DCBwzMnxzU0/,40,1,826,0,1,42,
18253169803284379,2024-11-06T00:50:02+0000,IMAGE,FEED,https://www.instagram.com/p/DCAqorFRs7D/,29,1,335,1,0,31,
18015692306370391,2024-11-05T18:13:12+0000,IMAGE,FEED,https://www.instagram.com/p/DB_9OHLRe4t/,34,0,605,0,1,35,
18307198993166988,2024-11-05T13:45:00+0000,IMAGE,FEED,https://www.instagram.com/p/DB_ehy3x6uQ/,29,1,419,0,0,30,
17871079386217868,2024-11-05T00:54:55+0000,IMAGE,FEED,https://www.instagram.com/p/DB-GZekx0c_/,22,0,383,0,0,22,
17986124495752035,2024-11-04T20:28:22+0000,IMAGE,FEED,https://www.instagram.com/p/DB9n5O8xdVe/,32,0,375,1,0,33,
18331946032147931,2024-11-04T02:08:06+0000,IMAGE,FEED,https://www.instagram.com/p/DB7p-pUxdpA/,22,0,480,1,0,23,
18074542231605512,2024-10-30T13:03:21+0000,IMAGE,FEED,https://www.instagram.com/p/DBv8_cmxeMR/,110,1,724,0,1,112,
18246680935279734,2024-10-10T00:46:35+0000,IMAGE,FEED,https://www.instagram.com/p/DA7IxtxMtP9/,30,0,564,0,0,30,
18130651528369766,2024-09-28T11:03:48+0000,IMAGE,FEED,https://www.instagram.com/p/DAdV36Wxd-1/,23,0,355,0,0,23,
18066041773621267,2024-09-20T10:34:22+0000,IMAGE,FEED,https://www.instagram.com/p/DAIsJWMRMgZ/,25,0,323,1,0,26,
18368657701103840,2024-08-26T11:33:32+0000,IMAGE,FEED,https://www.instagram.com/p/C_IbCt9RTr3/,39,1,359,0,0,40,
18057051424731989,2024-08-16T02:27:57+0000,IMAGE,FEED,https://www.instagram.com/p/C-tsqFsMNzZ/,22,0,347,0,0,22,
17906702487006284,2024-08-15T00:07:28+0000,IMAGE,FEED,https://www.instagram.com/p/C-q3yTYs2S4/,22,2,377,0,0,24,
18000562673438606,2024-07-12T19:51:19+0000,CAROUSEL_ALBUM,FEED,https://www.instagram.com/p/C9VcPVgv6ox/,52,2,506,0,1,55,
18029221805169872,2024-07-11T14:00:20+0000,IMAGE,FEED,https://www.instagram.com/p/C9SPRxGAOlk/,40,0,407,0,0,40,
17853392634226209,2024-07-03T22:56:02+0000,IMAGE,FEED,https://www.instagram.com/p/C8-mOUoMIJo/,22,0,460,0,0,22,
18000018065428271,2024-07-02T15:22:55+0000,CAROUSEL_ALBUM,FEED,https://www.instagram.com/p/C87NktwsKjm/,22,0,278,0,0,22,
18402807514073247,2024-06-25T18:10:25+0000,CAROUSEL_ALBUM,FEED,https://www.instagram.com/p/C8pfLXqRBJa/,77,6,533,0,2,85,
17951693555803086,2024-06-24T21:21:46+0000,VIDEO,REELS,https://www.instagram.com/reel/C8nP7gLvuYB/,174,18,847,2,0,194,
18073276627505305,2024-06-07T14:55:04+0000,IMAGE,FEED,https://www.instagram.com/p/C76yg2qRwbN/,16,2,379,1,1,20,
18324806143121941,2024-06-07T12:50:54+0000,IMAGE,FEED,https://www.instagram.com/p/C76kTbcRxba/,25,1,403,1,1,28,
18030548300044509,2024-06-07T00:34:36+0000,CAROUSEL_ALBUM,FEED,https://www.instagram.com/p/C75QCpdxQoh/,47,1,356,1,0,49,
18036447043929206,2024-06-05T01:26:34+0000,IMAGE,FEED,https://www.instagram.com/p/C70MZb2RssU/,19,0,278,1,0,20,
18137241856334001,2024-06-02T21:09:06+0000,IMAGE,FEED,https://www.instagram.com/p/C7ulWBux3a5/,113,4,657,0,1,118,
18022472048168210,2024-05-20T16:09:52+0000,IMAGE,FEED,https://www.instagram.com/p/C7Mkw61r_RR/,29,1,425,1,0,31,
18133610743335615,2024-05-17T20:36:06+0000,IMAGE,FEED,https://www.instagram.com/p/C7FU2RjxetN/,36,0,484,1,1,38,
18236964778254129,2024-05-17T00:06:36+0000,IMAGE,FEED,https://www.instagram.com/p/C7DIJGSxaEO/,20,0,478,1,0,21,
17903590004973520,2024-05-15T17:53:49+0000,IMAGE,FEED,https://www.instagram.com/p/C6_4r7qRzFK/,34,2,567,1,1,38,
17998760264355539,2024-05-15T01:22:42+0000,IMAGE,FEED,https://www.instagram.com/p/C6-HQzfr4S3/,23,0,413,0,1,24,
18032410438982325,2024-05-14T22:38:58+0000,IMAGE,FEED,https://www.instagram.com/p/C690hgzrpec/,51,0,547,1,0,52,
17865518901111004,2024-05-14T14:52:00+0000,IMAGE,FEED,https://www.instagram.com/p/C68_FZCRAhv/,44,2,597,2,0,48,
18267285217235437,2024-05-09T18:36:51+0000,IMAGE,FEED,https://www.instagram.com/p/C6wg15TxNJZ/,19,0,418,2,0,21,
18250419844219191,2024-05-09T16:57:49+0000,IMAGE,FEED,https://www.instagram.com/p/C6wVgjSrOZd/,36,2,534,2,1,41,
17897836718921412,2024-05-07T20:59:36+0000,IMAGE,FEED,https://www.instagram.com/p/C6rnloVxSld/,75,0,870,3,2,80,
18022280417175547,2024-05-07T16:06:24+0000,IMAGE,FEED,https://www.instagram.com/p/C6rGCKZR-Oy/,19,0,425,1,0,20,
17849787099195602,2024-05-03T23:18:11+0000,IMAGE,FEED,https://www.instagram.com/p/C6hkRGoxu7n/,70,1,819,2,1,74,
17940249677812011,2024-05-03T15:01:02+0000,IMAGE,FEED,https://www.instagram.com/p/C6grX-Luq80/,62,4,474,0,0,66,
18102352027399618,2024-05-02T15:41:35+0000,IMAGE,FEED,https://www.instagram.com/p/C6eLOC2rBWR/,28,2,316,0,0,30,
17845578909208604,2024-05-01T20:49:03+0000,IMAGE,FEED,https://www.instagram.com/p/C6cJnGyRQ-9/,23,0,375,1,0,24,
18048326179644451,2024-05-01T19:01:27+0000,IMAGE,FEED,https://www.instagram.com/p/C6b9TEdRuc9/,56,1,381,0,0,57,
18026323514077753,2024-05-01T12:42:35+0000,IMAGE,FEED,https://www.instagram.com/p/C6bR8MNrnK6/,23,0,255,0,0,23,
18429872146032376,2024-04-30T14:53:27+0000,IMAGE,FEED,https://www.instagram.com/p/C6Y8HvNOjWZ/,41,0,316,2,0,43,
18034316638914636,2024-04-29T15:43:01+0000,IMAGE,FEED,https://www.instagram.com/p/C6Wc_4PLypd/,87,2,495,2,1,92,
18086065837447358,2024-04-29T10:50:56+0000,IMAGE,FEED,https://www.instagram.com/p/C6V7ksguiDd/,20,1,371,0,0,21,
18026517035023792,2024-04-28T18:29:32+0000,IMAGE,FEED,https://www.instagram.com/p/C6ULQoQxTXM/,69,5,206,0,0,74,
18425058526020503,2024-04-25T13:30:56+0000,IMAGE,FEED,https://www.instagram.com/p/C6L6s-UrNbr/,21,0,141,0,0,21,
18107367931353718,2024-04-23T16:30:11+0000,IMAGE,FEED,https://www.instagram.com/p/C6HFoIXrOpk/,19,1,203,0,0,20,
18017962619032510,2024-04-22T23:30:06+0000,IMAGE,FEED,https://www.instagram.com/p/C6FQ4w9R-4w/,186,2,250,2,1,191,
18339940087118672,2024-04-22T11:46:02+0000,IMAGE,FEED,https://www.instagram.com/p/C6EAUFau8KC/,39,0,379,0,0,39,
17867759259098403,2024-04-21T15:15:52+0000,IMAGE,FEED,https://www.instagram.com/p/C6BziECLMor/,159,5,446,2,1,167,
18263646520237731,2024-04-19T15:49:10+0000,IMAGE,FEED,https://www.instagram.com/p/C58twKprbad/,19,0,428,1,0,20,
17998114886615364,2024-04-18T22:08:31+0000,IMAGE,FEED,https://www.instagram.com/p/C560XwHxqC4/,21,0,126,1,0,22,
18036838390849815,2024-04-17T11:21:01+0000,IMAGE,FEED,https://www.instagram.com/p/C53FeeGrJI0/,60,2,323,1,0,63,
18070174096499003,2024-04-16T10:50:09+0000,IMAGE,FEED,https://www.instagram.com/p/C50dJkBgsOo/,268,3,426,9,0,280,
17854206579161052,2024-04-15T20:01:02+0000,IMAGE,FEED,https://www.instagram.com/p/C5y3ZZgPxWI/,38,2,419,0,0,40,
18001541474580901,2024-04-15T15:11:31+0000,IMAGE,FEED,https://www.instagram.com/p/C5yWQ89LP1R/,36,2,420,2,1,41,
18428943289055601,2024-04-15T12:08:15+0000,IMAGE,FEED,https://www.instagram.com/p/C5yBSuGrYjo/,13,0,239,0,0,13,
18039429430829976,2024-04-14T23:26:17+0000,IMAGE,FEED,https://www.instagram.com/p/C5wqF3RMBeG/,73,3,275,4,0,80,
18014438906335859,2024-04-13T20:10:32+0000,IMAGE,FEED,https://www.instagram.com/p/C5tu5UaP6bB/,34,0,194,0,0,34,
17942743481798450,2024-04-13T11:31:06+0000,IMAGE,FEED,https://www.instagram.com/p/C5szc2Lgyse/,45,0,135,0,0,45,
17920002197882523,2024-04-13T05:47:36+0000,IMAGE,FEED,https://www.instagram.com/p/C5sMI7xMZHC/,11,0,118,0,0,11,
18020437814145386,2024-04-12T23:16:38+0000,IMAGE,FEED,https://www.instagram.com/p/C5rfZajseNK/,21,0,108,0,0,21,
17909120861939542,2024-04-12T18:36:22+0000,IMAGE,FEED,https://www.instagram.com/p/C5q_Utngn7t/,53,1,109,1,0,55,
17992888598414975,2024-04-12T14:57:19+0000,IMAGE,FEED,https://www.instagram.com/p/C5qmQVuLxbY/,33,1,102,0,0,34,
17878082975996904,2024-04-11T09:59:51+0000,IMAGE,FEED,https://www.instagram.com/p/C5nfasDgLx1/,22,0,92,0,0,22,
18025419857018920,2024-04-10T13:01:54+0000,IMAGE,FEED,https://www.instagram.com/p/C5lPdNLrVXR/,111,8,108,0,0,119,
18031369282771390,2024-04-09T16:45:26+0000,IMAGE,FEED,https://www.instagram.com/p/C5jEPl0ga2M/,126,9,175,4,0,139,
17913786668917188,2024-04-09T13:59:42+0000,IMAGE,FEED,https://www.instagram.com/p/C5ixRuEr1vu/,27,1,220,1,0,29,
18040478017753273,2024-04-08T15:19:59+0000,IMAGE,FEED,https://www.instagram.com/p/C5gVq3TLyjc/,110,0,300,4,0,114,
18046505518636737,2024-04-06T14:19:20+0000,IMAGE,FEED,https://www.instagram.com/p/C5bFI6lOId3/,33,7,278,3,0,43,
18130595614334994,2024-04-05T22:41:55+0000,IMAGE,FEED,https://www.instagram.com/p/C5ZZ3BlxuQ0/,100,1,199,0,0,101,
17971648361569015,2024-04-05T21:06:04+0000,IMAGE,FEED,https://www.instagram.com/p/C5ZO5EBRH_4/,34,0,195,0,0,34,
18043683184668650,2024-04-03T00:55:59+0000,IMAGE,FEED,https://www.instagram.com/p/C5R60VksTQj/,84,1,113,2,0,87,
17854452468154219,2024-04-02T22:31:36+0000,IMAGE,FEED,https://www.instagram.com/p/C5RqSypL25C/,19,0,204,0,0,19,
18430155274004335,2024-04-02T14:36:37+0000,IMAGE,FEED,https://www.instagram.com/p/C5Qz77nrcGX/,179,0,534,4,4,187,
18026309444000506,2024-04-02T11:30:04+0000,IMAGE,FEED,https://www.instagram.com/p/C5Qelr6A9-1/,149,4,307,0,0,153,
18293315164092949,2024-04-02T01:29:20+0000,IMAGE,FEED,https://www.instagram.com/p/C5PZ1xFRxyv/,44,1,290,0,0,45,
17914804259911137,2024-04-01T11:57:23+0000,IMAGE,FEED,https://www.instagram.com/p/C5N861rAeRH/,34,0,167,1,0,35,
17990089601444673,2024-03-29T13:37:45+0000,IMAGE,FEED,https://www.instagram.com/p/C5GaBXTuoCp/,116,5,133,0,0,121,
18051485686602749,2024-03-12T14:18:43+0000,IMAGE,FEED,https://www.instagram.com/p/C4atMgFrSy0/,38,1,118,0,0,39,
18017889713137357,2024-03-04T00:32:03+0000,IMAGE,FEED,https://www.instagram.com/p/C4EoOxsx1t0/,97,3,149,0,0,100,
17871221703014197,2024-02-26T14:32:52+0000,CAROUSEL_ALBUM,FEED,https://www.instagram.com/p/C30G4-5OYrf/,59,1,186,0,0,60,
18276864061161549,2024-02-01T10:54:23+0000,CAROUSEL_ALBUM,FEED,https://www.instagram.com/p/C2zWA8qgHyq/,174,21,141,3,0,198,
17978828042632362,2023-12-29T17:18:56+0000,IMAGE,FEED,https://www.instagram.com/p/C1ce_vOLT6A/,40,1,103,0,0,41,
18029843248795041,2023-12-28T15:12:37+0000,IMAGE,FEED,https://www.instagram.com/p/C1ZrvodAqyU/,68,1,77,1,0,70,
17996813282186117,2023-12-20T17:14:09+0000,IMAGE,FEED,https://www.instagram.com/p/C1FTSvOLjI2/,22,1,77,0,0,23,
18220542253253789,2023-12-14T16:30:43+0000,IMAGE,FEED,https://www.instagram.com/p/C01xjdnLjM1/,35,0,114,1,0,36,
18038392411621066,2023-12-14T13:41:53+0000,IMAGE,FEED,https://www.instagram.com/p/C01eO2gAkAj/,25,0,104,0,0,25,
18003267104267624,2023-12-14T00:41:56+0000,IMAGE,FEED,https://www.instagram.com/p/C00E-SmszLg/,78,6,125,3,0,87,
18216044221261058,2023-12-13T20:01:48+0000,IMAGE,FEED,https://www.instagram.com/p/C0zk6joACAq/,45,1,95,1,0,47,
18043804897585282,2023-12-13T14:30:06+0000,IMAGE,FEED,https://www.instagram.com/p/C0y-9Giu1We/,121,3,73,2,0,126,
18314191834184839,2023-12-12T11:18:49+0000,IMAGE,FEED,https://www.instagram.com/p/C0wERQDAytO/,7,1,103,0,0,8,
18110458762345676,2023-12-10T14:18:52+0000,IMAGE,FEED,https://www.instagram.com/p/C0rPSMUOe0M/,59,0,120,0,0,59,
18030450205706541,2023-12-09T14:34:40+0000,IMAGE,FEED,https://www.instagram.com/p/C0osTHtOHC1/,81,0,137,2,0,83,
17982982916375945,2023-12-09T03:32:26+0000,IMAGE,FEED,https://www.instagram.com/p/C0nggxVs1yx/,25,0,84,0,0,25,
18015068134845043,2023-12-08T19:59:49+0000,IMAGE,FEED,https://www.instagram.com/p/C0msttLxKQA/,50,0,76,1,0,51,
17871149490019864,2023-12-08T15:32:03+0000,IMAGE,FEED,https://www.instagram.com/p/C0mOEcDutYX/,20,0,97,0,0,20,
18214032745259614,2023-12-08T12:04:57+0000,IMAGE,FEED,https://www.instagram.com/p/C0l2Xn7ulMF/,75,0,97,1,0,76,
18008043362316675,2023-12-07T19:10:18+0000,IMAGE,FEED,https://www.instagram.com/p/C0kCQJjR2y8/,132,0,150,4,0,136,
17999921093514396,2023-12-07T14:15:21+0000,IMAGE,FEED,https://www.instagram.com/p/C0jgfyjOFFF/,137,1,182,0,0,138,
17981147711391107,2023-12-07T11:25:49+0000,IMAGE,FEED,https://www.instagram.com/p/C0jNGH4u8Ow/,29,0,203,1,0,30,
18303724174132955,2023-12-06T21:07:57+0000,IMAGE,FEED,https://www.instagram.com/p/C0hq68PxOlT/,18,0,94,0,0,18,
18003226898472607,2023-12-06T00:40:04+0000,IMAGE,FEED,https://www.instagram.com/p/C0feZpFxBx4/,34,0,78,0,0,34,
18395926576058199,2023-12-05T22:40:28+0000,IMAGE,FEED,https://www.instagram.com/p/C0fQtpCRX0o/,110,0,134,0,0,110,
18001399271255713,2023-12-05T15:51:43+0000,IMAGE,FEED,https://www.instagram.com/p/C0eh75BrMPO/,21,0,97,0,0,21,
18003746576190302,2023-12-05T11:20:06+0000,IMAGE,FEED,https://www.instagram.com/p/C0eC2j2ujXb/,89,3,58,1,0,93,
18087154144394348,2023-12-04T01:31:33+0000,IMAGE,FEED,https://www.instagram.com/p/C0aatBYrp9D/,87,4,106,4,0,95,
17942655062744157,2023-12-03T14:03:46+0000,IMAGE,FEED,https://www.instagram.com/p/C0ZL_fyrNFv/,97,0,140,0,0,97,
18042259582600595,2023-12-02T15:13:46+0000,IMAGE,FEED,https://www.instagram.com/p/C0WvNQvOxMu/,89,1,125,0,0,90,
18029209378739622,2023-12-01T18:33:58+0000,IMAGE,FEED,https://www.instagram.com/p/C0UhUwYxhmF/,36,0,51,1,0,37,
17981890415565793,2023-12-01T18:25:43+0000,IMAGE,FEED,https://www.instagram.com/p/C0UgYXext_v/,66,5,60,2,0,73,
18026283292795488,2023-12-01T15:01:01+0000,IMAGE,FEED,https://www.instagram.com/p/C0UI9EnOUCG/,40,5,55,1,0,46,
18040489945595742,2023-11-30T20:27:37+0000,IMAGE,FEED,https://www.instagram.com/p/C0SJiQLxti_/,27,1,85,1,0,29,
17987870909293707,2023-11-30T16:12:26+0000,IMAGE,FEED,https://www.instagram.com/p/C0RsVS5OJdE/,20,1,68,1,0,22,
17965509320653979,2023-11-30T12:54:54+0000,IMAGE,FEED,https://www.instagram.com/p/C0RVuhWu2Zt/,19,0,54,0,0,19,
17990233511257273,2023-11-30T02:41:36+0000,IMAGE,FEED,https://www.instagram.com/p/C0QPiiqMDpk/,125,0,68,1,0,126,
18244021033215028,2023-11-28T20:42:26+0000,IMAGE,FEED,https://www.instagram.com/p/C0NBpEcxN2g/,41,0,133,2,0,43,
17890040234882441,2023-11-28T13:35:57+0000,IMAGE,FEED,https://www.instagram.com/p/C0MQ1a9ubQY/,320,2,220,1,0,323,
17990234789398117,2023-11-27T23:10:41+0000,IMAGE,FEED,https://www.instagram.com/p/C0Kt0B7xX5G/,40,0,161,0,0,40,
18035392462565097,2023-11-27T15:33:22+0000,IMAGE,FEED,https://www.instagram.com/p/C0J5egiuvzF/,37,4,62,2,0,43,
18018158476789856,2023-11-27T11:20:11+0000,IMAGE,FEED,https://www.instagram.com/p/C0JcgJ6gL3S/,86,0,49,0,0,86,
17854715319051372,2023-11-25T17:09:17+0000,IMAGE,FEED,https://www.instagram.com/p/C0E63Twrb3H/,29,1,53,0,0,30,
17965634450520814,2023-11-24T20:15:03+0000,IMAGE,FEED,https://www.instagram.com/p/C0CrU_Ox9L-/,159,4,62,2,0,165,
17989485953264939,2023-11-24T17:05:31+0000,IMAGE,FEED,https://www.instagram.com/p/C0CVowOLGh4/,72,1,71,1,0,74,
17991610967204167,2023-11-24T15:08:06+0000,IMAGE,FEED,https://www.instagram.com/p/C0CIMyuODiE/,19,0,53,0,0,19,
18362392378075602,2023-11-21T13:24:28+0000,IMAGE,FEED,https://www.instagram.com/p/Cz6N9JSAzHF/,17,1,33,0,0,18,
18077653792412370,2023-11-15T21:17:22+0000,VIDEO,REELS,https://www.instagram.com/reel/CzrnJrkPMyl/,19,0,16,0,0,19,
18095692369370640,2023-11-15T20:10:39+0000,IMAGE,FEED,https://www.instagram.com/p/Czrfq7vv3Y5/,90,1,32,1,0,92,
18031181077715728,2023-11-09T15:25:06+0000,IMAGE,FEED,https://www.instagram.com/p/CzbiOP0sOF7/,29,0,26,0,0,29,
18365003551072475,2023-11-07T14:15:23+0000,IMAGE,FEED,https://www.instagram.com/p/CzWQpx9LUjU/,72,1,28,0,0,73,
17863679270982675,2023-10-16T21:39:43+0000,IMAGE,FEED,https://www.instagram.com/p/CyeaA-4x9OC/,17,0,35,0,0,17,
17886137840936593,2023-10-15T23:15:10+0000,IMAGE,FEED,https://www.instagram.com/p/CycAJKYxoGX/,72,0,39,3,0,75,
17951259572577616,2023-10-05T12:20:22+0000,IMAGE,FEED,https://www.instagram.com/p/CyBFQgsrHiE/,26,0,35,1,0,27,
18044706322510938,2023-09-14T15:08:06+0000,IMAGE,FEED,https://www.instagram.com/p/CxLTwujOv3R/,22,0,28,1,0,23,
17978529818397569,2023-08-21T00:56:43+0000,IMAGE,FEED,https://www.instagram.com/p/CwL_P8Nxzrk/,66,1,33,4,0,71,
17984685836350738,2023-08-18T21:06:17+0000,IMAGE,FEED,https://www.instagram.com/p/CwGbSd4R3_h/,32,0,40,0,0,32,
17915021375791948,2023-08-17T20:00:26+0000,IMAGE,FEED,https://www.instagram.com/p/CwDu9TGR18l/,60,1,41,1,0,62,
17998550192011375,2023-08-17T12:25:54+0000,IMAGE,FEED,https://www.instagram.com/p/CwC68MqOeTp/,36,3,75,0,0,39,
17989541420226985,2023-08-16T21:40:55+0000,IMAGE,FEED,https://www.instagram.com/p/CwBVqWgR62W/,56,0,40,2,0,58,
18201016048268728,2023-08-16T20:01:41+0000,IMAGE,FEED,https://www.instagram.com/p/CwBKToGx9cf/,47,1,68,2,0,50,
18001594837856739,2023-08-16T15:29:54+0000,IMAGE,FEED,https://www.instagram.com/p/CwArM_LLRv-/,19,0,39,1,0,20,
18035425597526929,2023-08-16T11:21:13+0000,IMAGE,FEED,https://www.instagram.com/p/CwAOvgtOH0g/,84,3,42,3,0,90,
17999119097052929,2023-08-16T01:20:32+0000,IMAGE,FEED,https://www.instagram.com/p/Cv_KAAyM0eV/,45,2,40,0,0,47,
18257428540162350,2023-08-15T21:50:29+0000,IMAGE,FEED,https://www.instagram.com/p/Cv-x9iMRQK5/,182,5,57,2,0,189,
17990707154184531,2023-08-15T19:35:12+0000,IMAGE,FEED,https://www.instagram.com/p/Cv-iet1xw2p/,68,0,104,0,1,69,
18028647505584596,2023-08-15T15:42:52+0000,IMAGE,FEED,https://www.instagram.com/p/Cv-H5IrOdzF/,25,1,59,0,0,26,
17992391387147165,2023-08-14T15:21:44+0000,IMAGE,FEED,https://www.instagram.com/p/Cv7grctO609/,63,0,43,0,0,63,
18034260385527912,2023-08-14T14:24:43+0000,IMAGE,FEED,https://www.instagram.com/p/Cv7aJxCuVox/,26,0,32,0,0,26,
18382210237025365,2023-08-11T13:25:39+0000,IMAGE,FEED,https://www.instagram.com/p/CvzlAhouUmQ/,33,2,31,0,0,35,
17874454067945748,2023-08-09T15:47:59+0000,IMAGE,FEED,https://www.instagram.com/p/CvurtSCO9-P/,45,1,38,2,0,48,
18022535950617756,2023-08-09T10:12:25+0000,IMAGE,FEED,https://www.instagram.com/p/CvuFTmJO4ir/,163,12,40,4,0,179,
17885621933900997,2023-08-08T21:28:47+0000,IMAGE,FEED,https://www.instagram.com/p/Cvst6iIRBmT/,60,3,45,2,0,65,
18005723800762138,2023-08-08T19:08:48+0000,IMAGE,FEED,https://www.instagram.com/p/Cvsd5SVRwCN/,56,1,35,1,0,58,
17924669768750439,2023-08-08T13:18:47+0000,IMAGE,FEED,https://www.instagram.com/p/Cvr11qHOLTm/,23,0,31,0,0,23,
17848367535027236,2023-08-08T00:11:33+0000,IMAGE,FEED,https://www.instagram.com/p/Cvqbvw_Rrd3/,93,1,41,2,0,96,
17972815925521717,2023-07-21T19:10:06+0000,IMAGE,FEED,https://www.instagram.com/p/Cu-HvAkxjSN/,124,1,40,0,0,125,
18225359182239207,2023-07-11T01:19:11+0000,IMAGE,FEED,https://www.instagram.com/p/CuidOo_sgga/,20,0,39,0,0,20,
17984781104326433,2023-07-07T15:19:19+0000,IMAGE,FEED,https://www.instagram.com/p/CuZqMgJOhI5/,17,1,27,1,0,19,
17975200760459681,2023-07-06T21:51:04+0000,IMAGE,FEED,https://www.instagram.com/p/CuXyO47RSLa/,31,1,24,0,0,32,
17961115826422456,2023-07-06T20:54:23+0000,IMAGE,FEED,https://www.instagram.com/p/CuXrvq-Rro2/,30,2,25,0,0,32,
18239573188200163,2023-07-06T14:08:10+0000,IMAGE,FEED,https://www.instagram.com/p/CuW9Qg1uYoZ/,17,0,32,0,0,17,
18023488378593602,2023-07-05T21:38:10+0000,VIDEO,REELS,https://www.instagram.com/reel/CuVLsx-Ao4c/,112,2,102,0,0,114,
18003551767852514,2023-07-05T11:48:35+0000,IMAGE,FEED,https://www.instagram.com/p/CuUIfRUuAAo/,38,0,47,1,0,39,
18266859175144097,2023-07-05T01:08:52+0000,IMAGE,FEED,https://www.instagram.com/p/CuS_R1HMPcb/,53,0,32,0,0,53,
18276310579181238,2023-07-02T18:21:58+0000,IMAGE,FEED,https://www.instagram.com/p/CuNHHzQx9iq/,32,0,39,0,0,32,
17963687453580165,2023-07-02T15:50:41+0000,IMAGE,FEED,https://www.instagram.com/p/CuM1z2bOH8d/,139,1,62,5,0,145,
18037178170455660,2023-07-02T14:16:30+0000,IMAGE,FEED,https://www.instagram.com/p/CuMrCBfusIf/,33,0,70,2,0,35,
18042529873472691,2023-07-02T12:22:10+0000,IMAGE,FEED,https://www.instagram.com/p/CuMd8jfukd-/,29,0,37,1,0,30,
17860140323942560,2023-06-30T19:19:00+0000,IMAGE,FEED,https://www.instagram.com/p/CuIEDyaRocO/,201,3,47,3,0,207,
17984233385183607,2023-06-29T22:56:48+0000,IMAGE,FEED,https://www.instagram.com/p/CuF4MOhR9Fr/,24,0,41,0,0,24,
18069477538390941,2023-06-19T22:10:46+0000,IMAGE,FEED,https://www.instagram.com/p/CtsC-SxReyN/,45,3,24,0,0,48,
18001356211866952,2023-06-16T22:47:55+0000,IMAGE,FEED,https://www.instagram.com/p/CtkY1rjrMyZ/,21,0,12,0,0,21,
18017661133611398,2023-06-16T14:45:32+0000,IMAGE,FEED,https://www.instagram.com/p/CtjhonBudyq/,15,0,14,0,0,15,
17968692911290983,2023-06-15T20:04:04+0000,CAROUSEL_ALBUM,FEED,https://www.instagram.com/p/CthhSv2R6BG/,34,1,37,1,0,36,
17958105911607215,2023-06-14T00:15:50+0000,IMAGE,FEED,https://www.instagram.com/p/Ctc0hEURizA/,38,0,19,0,0,38,
18069282070389121,2023-06-13T01:27:45+0000,IMAGE,FEED,https://www.instagram.com/p/CtaX87YrUhq/,33,0,29,0,0,33,
17952502676623039,2023-06-09T21:27:01+0000,IMAGE,FEED,https://www.instagram.com/p/CtSOBIRAO4R/,20,0,30,0,0,20,
17898818267801494,2023-06-09T13:55:52+0000,IMAGE,FEED,https://www.instagram.com/p/CtRaYuauhPH/,41,1,21,1,0,43,
17857845155937400,2023-06-05T20:21:01+0000,IMAGE,FEED,https://www.instagram.com/p/CtHzSLhRILk/,48,0,26,1,0,49,
17981591402277369,2023-06-05T11:37:52+0000,IMAGE,FEED,https://www.instagram.com/p/CtG3ahPgoLW/,19,0,21,0,0,19,
17988318965028232,2023-06-04T17:09:08+0000,IMAGE,FEED,https://www.instagram.com/p/CtE4h8vuQ2g/,58,2,13,4,0,64,
17960463743368514,2023-06-02T14:04:29+0000,IMAGE,FEED,https://www.instagram.com/p/Cs_ZzsFAT5T/,53,1,39,3,0,57,
18266432533151523,2023-06-02T01:12:11+0000,IMAGE,FEED,https://www.instagram.com/p/Cs-BbTlRN9u/,38,0,16,0,0,38,
18223324735225777,2023-06-01T20:23:39+0000,IMAGE,FEED,https://www.instagram.com/p/Cs9gZ_2xmyQ/,92,5,12,1,0,98,
18223882279172733,2023-06-01T00:15:40+0000,IMAGE,FEED,https://www.instagram.com/p/Cs7WKacxPgA/,42,3,19,0,0,45,
17999410786882295,2023-05-31T15:43:09+0000,IMAGE,FEED,https://www.instagram.com/p/Cs6bgseuytR/,53,2,80,2,0,57,
17936419076566052,2023-05-31T13:26:27+0000,IMAGE,FEED,https://www.instagram.com/p/Cs6L3bwOJz4/,9,0,25,1,0,10,
17924412605705945,2023-05-31T11:55:52+0000,IMAGE,FEED,https://www.instagram.com/p/Cs6Bf8GuNik/,27,0,20,0,0,27,
18024577723531192,2023-05-31T01:55:47+0000,IMAGE,FEED,https://www.instagram.com/p/Cs4805UsPOp/,28,0,24,1,0,29,
18273135754135880,2023-05-24T15:36:12+0000,IMAGE,FEED,https://www.instagram.com/p/CsoZJl7LCqN/,51,1,16,2,0,54,
17989048817075446,2023-05-23T14:54:16+0000,IMAGE,FEED,https://www.instagram.com/p/Cslvjp7r3fG/,44,0,15,1,0,45,
17981596916173779,2023-05-22T20:07:04+0000,IMAGE,FEED,https://www.instagram.com/p/CsjujyXRYeS/,33,1,15,0,0,34,
17958958718359723,2023-05-22T14:37:03+0000,IMAGE,FEED,https://www.instagram.com/p/CsjIyoxgps0/,40,0,31,1,0,41,
17953525454469395,2023-05-21T16:00:04+0000,IMAGE,FEED,https://www.instagram.com/p/CsgtfxHrk0h/,178,2,38,2,0,182,
18000043225837740,2023-05-21T13:49:08+0000,IMAGE,FEED,https://www.instagram.com/p/Csgeg3BLc6i/,48,0,30,0,0,48,
18061368964393491,2023-05-19T12:07:59+0000,IMAGE,FEED,https://www.instagram.com/p/CsbJWMfO4ry/,59,1,16,0,0,60,
18023506822494432,2023-05-18T19:25:52+0000,IMAGE,FEED,https://www.instagram.com/p/CsZWqhmvGyb/,47,0,34,1,0,48,
18247943575087805,2023-05-11T17:28:20+0000,IMAGE,FEED,https://www.instagram.com/p/CsHHpkcrc14/,63,0,43,0,0,63,
18026327374511778,2023-05-09T20:15:06+0000,IMAGE,FEED,https://www.instagram.com/p/CsCRJMnPxWn/,63,6,41,4,0,73,
17973782195103165,2023-05-05T00:21:53+0000,IMAGE,FEED,https://www.instagram.com/p/Cr11aWTuKxB/,25,1,23,1,0,27,
17987926804994449,2023-05-04T12:23:11+0000,IMAGE,FEED,https://www.instagram.com/p/Cr0jKcWOdoX/,61,1,52,0,0,62,
17890248464764042,2023-05-03T16:13:43+0000,IMAGE,FEED,https://www.instagram.com/p/CryYwAduavu/,194,8,70,8,0,210,
17969173064513754,2023-05-03T11:45:13+0000,IMAGE,FEED,https://www.instagram.com/p/Crx6BgZOj66/,45,0,58,1,0,46,
17963105360519233,2023-05-02T23:55:42+0000,IMAGE,FEED,https://www.instagram.com/p/Crwo007rxPX/,30,0,27,2,0,32,
18085374349340742,2023-05-02T12:03:44+0000,IMAGE,FEED,https://www.instagram.com/p/CrvXWKtODXJ/,21,0,12,0,0,21,
18256705387155316,2023-05-01T14:25:36+0000,IMAGE,FEED,https://www.instagram.com/p/CrtCyaXupKI/,70,0,22,0,0,70,
17997777052722004,2023-04-30T14:34:18+0000,IMAGE,FEED,https://www.instagram.com/p/Crqe_R8uNaW/,37,1,30,0,0,38,
17887660562820547,2023-04-28T13:57:33+0000,IMAGE,FEED,https://www.instagram.com/p/CrlRMWjumJu/,33,0,21,2,0,35,
17974472954475454,2023-04-27T01:14:39+0000,IMAGE,FEED,https://www.instagram.com/p/CrhVFyEuHNr/,55,0,14,0,0,55,
17918231072709301,2023-04-26T13:58:30+0000,IMAGE,FEED,https://www.instagram.com/p/CrgHtfggDgZ/,162,7,60,2,0,171,
17992215535822595,2023-04-25T16:35:48+0000,IMAGE,FEED,https://www.instagram.com/p/Crd06zsO5YP/,43,2,16,0,0,45,
18079709695355223,2023-04-25T10:30:07+0000,VIDEO,REELS,https://www.instagram.com/reel/CrdK_c1gHPt/,74,4,15,0,0,78,
17882158358838820,2023-04-24T04:21:38+0000,IMAGE,FEED,https://www.instagram.com/p/CrZ8Go-MGGu/,24,1,7,0,0,25,
18207818311219237,2023-04-23T16:54:28+0000,IMAGE,FEED,https://www.instagram.com/p/CrYtdtura4u/,31,0,8,1,0,32,
17950726424450734,2023-04-21T02:40:42+0000,IMAGE,FEED,https://www.instagram.com/p/CrSCK2cuXZD/,42,0,15,1,0,43,
17948452091480746,2023-04-20T17:11:58+0000,IMAGE,FEED,https://www.instagram.com/p/CrRBFVjOf9R/,79,3,19,0,0,82,
18019597447533544,2023-04-18T09:59:32+0000,IMAGE,FEED,https://www.instagram.com/p/CrLGAQuu_hJ/,46,2,211,1,1,50,
17851443638957771,2023-04-12T02:10:08+0000,IMAGE,FEED,https://www.instagram.com/p/Cq6zhCMuFd_/,32,1,8,0,0,33,
18255529516144914,2023-04-11T12:32:39+0000,IMAGE,FEED,https://www.instagram.com/p/Cq5V9qJOyQx/,71,3,15,1,0,75,
17857353122921751,2023-03-20T00:47:37+0000,IMAGE,FEED,https://www.instagram.com/p/Cp_byhBDyVe/,59,0,10,1,0,60,
17927783564574529,2023-03-18T01:24:38+0000,IMAGE,FEED,https://www.instagram.com/p/Cp6Wb6hjNXk/,39,0,6,0,0,39,
17985263251814405,2023-03-15T11:26:51+0000,IMAGE,FEED,https://www.instagram.com/p/Cpzs-IXOrUB/,64,0,6,3,0,67,
17976633149088951,2023-03-12T21:14:33+0000,IMAGE,FEED,https://www.instagram.com/p/CptB15QuZrg/,80,4,9,1,0,85,
18013677136537460,2023-03-10T11:23:36+0000,IMAGE,FEED,https://www.instagram.com/p/Cpm0n2gOWhT/,46,0,10,0,0,46,
17970770690280839,2023-03-09T22:16:26+0000,IMAGE,FEED,https://www.instagram.com/p/CplaiijOVPu/,14,0,10,0,0,14,
17884296929803460,2023-03-08T12:47:50+0000,IMAGE,FEED,https://www.instagram.com/p/Cph0rHCunzV/,37,0,6,0,0,37,
17880415718818247,2023-03-07T22:31:23+0000,IMAGE,FEED,https://www.instagram.com/p/CpgSqPQu6x8/,41,0,6,1,0,42,
17877719846829471,2023-03-07T00:36:26+0000,IMAGE,FEED,https://www.instagram.com/p/Cpd8LUhDqFd/,58,1,7,0,0,59,
17925658652572118,2023-03-06T01:13:30+0000,IMAGE,FEED,https://www.instagram.com/p/Cpbbn4DjMb4/,39,1,9,1,0,41,
17945631476535825,2023-03-05T21:41:30+0000,IMAGE,FEED,https://www.instagram.com/p/CpbDXMOOmpT/,32,0,9,0,0,32,
18006861559586009,2023-03-04T23:34:04+0000,IMAGE,FEED,https://www.instagram.com/p/CpYrctvuz2e/,52,1,14,0,0,53,
18013677481533587,2023-03-04T12:24:50+0000,IMAGE,FEED,https://www.instagram.com/p/CpXe3JLufWm/,39,2,12,0,0,41,
17930706944640867,2023-03-03T14:29:02+0000,IMAGE,FEED,https://www.instagram.com/p/CpVIR9nuA75/,51,3,15,2,0,56,
17977004540044626,2023-03-02T23:22:32+0000,IMAGE,FEED,https://www.instagram.com/p/CpTgigyudyh/,61,1,10,2,0,64,
17997477079671918,2023-03-01T20:29:08+0000,IMAGE,FEED,https://www.instagram.com/p/CpQn5leOLfb/,120,4,19,3,0,127,
18238130542087026,2023-03-01T11:47:14+0000,IMAGE,FEED,https://www.instagram.com/p/CpPsLGEOsBU/,28,0,26,1,0,29,
17860114703897035,2023-02-28T21:59:04+0000,IMAGE,FEED,https://www.instagram.com/p/CpONZeELcOk/,122,2,40,0,0,124,
17977065248068831,2023-02-28T13:00:13+0000,IMAGE,FEED,https://www.instagram.com/p/CpNPu1vuZ3W/,38,1,37,1,0,40,
18038101528432099,2023-02-27T22:39:34+0000,IMAGE,FEED,https://www.instagram.com/p/CpLtPL5LtgS/,112,4,11,3,0,119,
17957826173380029,2023-02-26T19:20:06+0000,IMAGE,FEED,https://www.instagram.com/p/CpIxncLuiLX/,35,0,14,1,0,36,
18245043535158695,2023-02-26T15:41:43+0000,IMAGE,FEED,https://www.instagram.com/p/CpIYn7BuVdi/,61,1,11,1,0,63,
17859316397905198,2023-02-25T23:50:17+0000,IMAGE,FEED,https://www.instagram.com/p/CpGrvV0LkWC/,51,0,14,2,0,53,
18009052357559573,2023-02-24T21:32:35+0000,IMAGE,FEED,https://www.instagram.com/p/CpD3L-Du-ty/,42,1,18,0,0,43,
18213367564171736,2023-02-23T20:49:33+0000,IMAGE,FEED,https://www.instagram.com/p/CpBNd6ZOZ-g/,60,0,14,4,0,64,
17965398728216922,2023-02-23T14:17:55+0000,IMAGE,FEED,https://www.instagram.com/p/CpAgpeDOw51/,40,1,26,0,0,41,
17976193070013568,2023-02-16T22:32:31+0000,IMAGE,FEED,https://www.instagram.com/p/CovXr5ROj1B/,97,2,72,5,0,104,
18073419094318906,2023-02-16T15:19:23+0000,IMAGE,FEED,https://www.instagram.com/p/CoumHhcuhwy/,30,0,81,1,0,31,
17997419590636683,2023-02-16T12:33:14+0000,IMAGE,FEED,https://www.instagram.com/p/CouTGo8uAFh/,50,1,53,0,0,51,
18009310840504396,2023-02-15T20:21:34+0000,IMAGE,FEED,https://www.instagram.com/p/Cosj59kOpRe/,34,1,47,1,0,36,
17955489221397829,2023-02-15T15:28:02+0000,IMAGE,FEED,https://www.instagram.com/p/CosCUBwOc_n/,139,2,22,3,0,144,
18340811389036651,2023-02-15T11:31:03+0000,IMAGE,FEED,https://www.instagram.com/p/CornMSnOMnt/,48,0,53,0,0,48,
17971530374311210,2023-02-14T15:14:17+0000,IMAGE,FEED,https://www.instagram.com/p/Copb8dBOEQe/,28,0,16,0,0,28,
17941702796466444,2023-02-14T00:30:50+0000,VIDEO,REELS,https://www.instagram.com/reel/Con2qMRKaeB/,173,2,34,4,0,179,
17986123975870083,2023-02-11T23:18:20+0000,IMAGE,FEED,https://www.instagram.com/p/Coik9LkLrDz/,64,0,27,1,0,65,
17894126261699084,2023-02-11T19:35:33+0000,IMAGE,FEED,https://www.instagram.com/p/CoiLdbDuAYO/,41,1,64,0,0,42,
17976876539052708,2023-02-10T17:41:51+0000,IMAGE,FEED,https://www.instagram.com/p/CofZpyuu-m9/,68,3,71,1,0,72,
17987506111839492,2023-02-09T19:18:11+0000,IMAGE,FEED,https://www.instagram.com/p/Coc_4iJuL8w/,81,3,70,2,0,86,
17976843049984345,2023-02-08T14:23:16+0000,IMAGE,FEED,https://www.instagram.com/p/CoZ5VkCuhvI/,122,1,61,5,1,129,
17928276734637570,2023-02-07T20:43:10+0000,IMAGE,FEED,https://www.instagram.com/p/CoYABOJuNe3/,44,0,50,4,0,48,
17963740037086383,2023-02-07T14:23:28+0000,IMAGE,FEED,https://www.instagram.com/p/CoXUkLNOhnS/,113,4,58,7,0,124,
18002005984608078,2023-02-03T14:24:35+0000,IMAGE,FEED,https://www.instagram.com/p/CoNBg2FuJEs/,148,6,22,8,0,162,
17995833034630439,2023-02-02T19:54:17+0000,IMAGE,FEED,https://www.instagram.com/p/CoLCctUO7Vg/,44,0,12,0,0,44,
17964905855069655,2023-02-02T12:12:28+0000,IMAGE,FEED,https://www.instagram.com/p/CoKNmSRuJB3/,57,3,25,1,0,61,
17994588475715271,2023-01-26T21:15:57+0000,IMAGE,FEED,https://www.instagram.com/p/Cn5KOzau-RB/,132,0,273,6,3,141,
17951199002295495,2023-01-24T14:07:36+0000,IMAGE,FEED,https://www.instagram.com/p/CnzPnuBux1C/,54,3,247,0,0,57,
17945019335369433,2023-01-22T22:54:16+0000,IMAGE,FEED,https://www.instagram.com/p/CnvCTUrLxPN/,97,1,23,5,0,103,
17981952820880812,2023-01-19T22:19:04+0000,IMAGE,FEED,https://www.instagram.com/p/CnnP44UuVoq/,27,0,35,0,0,27,
17871501149822050,2023-01-15T21:03:51+0000,IMAGE,FEED,https://www.instagram.com/p/Cnc0GkUulTP/,60,1,42,1,0,62,
18044366347399111,2023-01-15T11:23:30+0000,IMAGE,FEED,https://www.instagram.com/p/Cnbxr7XuCjo/,105,3,99,4,0,112,
18337956874052535,2023-01-14T15:42:43+0000,IMAGE,FEED,https://www.instagram.com/p/CnZqjmWOslw/,228,4,85,12,1,245,
17969117699105678,2023-01-13T21:53:05+0000,IMAGE,FEED,https://www.instagram.com/p/CnXwJacu2D9/,125,3,55,1,0,129,
17988068302745792,2023-01-13T13:37:31+0000,IMAGE,FEED,https://www.instagram.com/p/CnW3byEuUmG/,130,0,43,3,0,133,
17979984664765006,2023-01-08T23:09:56+0000,VIDEO,REELS,https://www.instagram.com/reel/CnLAoq2KyZt/,100,1,48,3,0,104,
18005846200529882,2023-01-06T11:08:49+0000,IMAGE,FEED,https://www.instagram.com/p/CnEk2i0uX2E/,430,15,23,9,0,454,
18181036066219045,2022-11-05T21:51:31+0000,IMAGE,FEED,https://www.instagram.com/p/CkmFHfRvRez/,35,1,18,1,0,37,
18236779156177944,2022-11-05T11:31:19+0000,IMAGE,FEED,https://www.instagram.com/p/Ckk-JFKAB63/,11,0,34,0,0,11,
18031434988413137,2022-11-04T20:13:44+0000,IMAGE,FEED,https://www.instagram.com/p/CkjVId-vdrH/,20,0,11,1,0,21,
17944229297222068,2022-11-03T17:28:53+0000,IMAGE,FEED,https://www.instagram.com/p/CkgdeI5r9hL/,23,0,11,0,0,23,
17983651312658811,2022-11-03T03:00:02+0000,IMAGE,FEED,https://www.instagram.com/p/Cke6Cj_MNrf/,71,6,12,1,0,78,
17997705142531320,2022-11-01T23:11:04+0000,IMAGE,FEED,https://www.instagram.com/p/Ckb7CqtszJJ/,17,0,11,0,0,17,
18307718821068883,2022-11-01T13:16:50+0000,IMAGE,FEED,https://www.instagram.com/p/Cka3CW0Mgm3/,45,1,8,1,0,47,
17960750834088662,2022-10-28T14:09:31+0000,IMAGE,FEED,https://www.instagram.com/p/CkQp4u9rayk/,25,2,9,1,0,28,
17976701110750363,2022-10-27T14:36:21+0000,IMAGE,FEED,https://www.instagram.com/p/CkOIKXuMVsJ/,36,0,9,0,0,36,
17930960003418256,2022-10-21T03:06:50+0000,IMAGE,FEED,https://www.instagram.com/p/Cj9ce-dM99q/,13,0,9,0,0,13,
17985074437567226,2022-10-11T22:56:08+0000,IMAGE,FEED,https://www.instagram.com/p/Cjl0o2zL14D/,33,0,14,0,0,33,
17992330027542216,2022-09-11T15:55:03+0000,IMAGE,FEED,https://www.instagram.com/p/CiX0mjJOmzx/,57,3,17,1,0,61,
18042675043367220,2022-09-07T14:16:00+0000,IMAGE,FEED,https://www.instagram.com/p/CiNWFo2uyzm/,38,1,13,1,0,40,
17959339729845971,2022-09-07T12:16:07+0000,IMAGE,FEED,https://www.instagram.com/p/CiNIXhiOOKd/,28,0,23,1,0,29,
18316375537056087,2022-09-06T21:07:12+0000,IMAGE,FEED,https://www.instagram.com/p/CiLgWdWO30F/,30,0,13,1,0,31,
18033084958384606,2022-09-06T15:38:32+0000,IMAGE,FEED,https://www.instagram.com/p/CiK6vN0OP3m/,24,0,35,0,0,24,
18027413422400782,2022-09-04T13:16:14+0000,IMAGE,FEED,https://www.instagram.com/p/CiFg3SVAF5n/,43,0,10,0,0,43,
17970332983742716,2022-08-25T00:41:43+0000,IMAGE,FEED,https://www.instagram.com/p/ChqakP6Dtrm/,38,0,14,0,0,38,
17886099962646602,2022-08-24T20:33:00+0000,IMAGE,FEED,https://www.instagram.com/p/Chp-GjTuYZW/,53,1,25,1,0,55,
17982498280592584,2022-08-24T17:00:28+0000,IMAGE,FEED,https://www.instagram.com/p/Chplx7zO8Ib/,50,3,31,2,0,55,
17919517187570777,2022-08-23T22:33:00+0000,IMAGE,FEED,https://www.instagram.com/p/ChnnCotOzUD/,36,0,24,1,0,37,
17971258774696664,2022-08-23T11:04:15+0000,IMAGE,FEED,https://www.instagram.com/p/ChmYOE1Om9n/,45,1,80,0,1,47,
17971079344692402,2022-08-23T01:28:31+0000,IMAGE,FEED,https://www.instagram.com/p/ChlWVOIj2Ln/,16,1,12,0,0,17,
17937295943348981,2022-08-21T21:00:30+0000,IMAGE,FEED,https://www.instagram.com/p/ChiS3VduWuk/,16,0,8,0,0,16,
18193189789204850,2022-08-21T18:40:02+0000,IMAGE,FEED,https://www.instagram.com/p/ChiCykruerK/,34,1,7,0,0,35,
17879911592713288,2022-08-14T16:31:21+0000,IMAGE,FEED,https://www.instagram.com/p/ChPyf5XLfTO/,48,0,11,1,0,49,
17955508360877953,2022-08-12T18:37:57+0000,IMAGE,FEED,https://www.instagram.com/p/ChK3ZcOgt6v/,46,1,10,0,0,47,
17901730040564783,2022-08-12T15:42:56+0000,IMAGE,FEED,https://www.instagram.com/p/ChKjXlmr2V9/,95,4,15,0,0,99,
17974073860648216,2022-08-11T15:13:28+0000,IMAGE,FEED,https://www.instagram.com/p/ChH7M2YLoq_/,40,0,14,0,0,40,
17843662052826813,2022-08-10T20:41:54+0000,VIDEO,REELS,https://www.instagram.com/reel/ChF78ECIAWv/,23,0,18,0,0,23,
17948814277973466,2022-08-08T20:25:03+0000,IMAGE,FEED,https://www.instagram.com/p/ChAweXau0AV/,48,0,22,0,0,48,
17977215661626952,2022-08-08T12:45:58+0000,IMAGE,FEED,https://www.instagram.com/p/Cg_779wuQA5/,50,1,21,0,0,51,
17954612653979785,2022-08-05T17:43:45+0000,IMAGE,FEED,https://www.instagram.com/p/Cg4voROLW5j/,30,0,15,0,0,30,
17960699659756350,2022-08-04T18:45:53+0000,IMAGE,FEED,https://www.instagram.com/p/Cg2R8hKAadQ/,44,1,12,1,0,46,
17968741930648096,2022-07-29T22:32:10+0000,IMAGE,FEED,https://www.instagram.com/p/CgnPEl9L6WX/,84,2,25,0,1,87,
18228200623127391,2022-07-29T15:29:05+0000,IMAGE,FEED,https://www.instagram.com/p/Cgmep7ArayH/,79,3,15,0,0,82,
17869571525742955,2022-07-28T19:11:53+0000,VIDEO,REELS,https://www.instagram.com/reel/CgkTT19AsAL/,54,1,12,0,0,55,
17855849231789171,2022-07-28T01:20:05+0000,IMAGE,FEED,https://www.instagram.com/p/CgiYswWMhhQ/,31,0,9,0,0,31,
18219627673150271,2022-07-27T16:28:51+0000,IMAGE,FEED,https://www.instagram.com/p/Cghb56grjnE/,23,1,9,0,0,24,
18007067506447791,2022-07-27T01:44:34+0000,IMAGE,FEED,https://www.instagram.com/p/Cgf2tKSMsyi/,24,0,36,1,0,25,
17848165211804743,2022-07-25T18:03:36+0000,IMAGE,FEED,https://www.instagram.com/p/CgcdKDsrRN0/,28,0,22,0,0,28,
17890528229664405,2022-07-22T20:44:51+0000,IMAGE,FEED,https://www.instagram.com/p/CgVBOgCPSm4/,106,0,33,3,1,110,
17971844029718137,2022-07-21T13:41:28+0000,IMAGE,FEED,https://www.instagram.com/p/CgRr-rXrVva/,82,7,47,3,0,92,
18224439883180131,2022-07-20T14:37:00+0000,IMAGE,FEED,https://www.instagram.com/p/CgPNieHLd0-/,177,1,36,5,0,183,
17971810447633563,2022-07-19T21:34:57+0000,IMAGE,FEED,https://www.instagram.com/p/CgNYk0QPMzJ/,52,1,69,0,0,53,
18056868820322230,2022-07-19T18:12:53+0000,IMAGE,FEED,https://www.instagram.com/p/CgNBc1CLyJv/,9,0,15,0,0,9,
17943457724127950,2022-07-19T16:13:52+0000,IMAGE,FEED,https://www.instagram.com/p/CgMz1LRrWJO/,48,3,14,0,0,51,
17857559057753259,2022-07-19T16:00:19+0000,IMAGE,FEED,https://www.instagram.com/p/CgMyR1vLjTs/,24,1,12,0,0,25,
18135526849275344,2022-07-09T20:27:51+0000,IMAGE,FEED,https://www.instagram.com/p/Cfzg8qIuXqM/,19,0,5,0,0,19,
17936226269237200,2022-07-03T02:09:53+0000,IMAGE,FEED,https://www.instagram.com/p/CfiGhjisZO0/,38,3,6,0,0,41,
17932109426475975,2022-06-28T22:10:56+0000,IMAGE,FEED,https://www.instagram.com/p/CfXX_7UrFWZ/,39,1,17,1,0,41,
17961267814790834,2022-06-27T18:51:27+0000,IMAGE,FEED,https://www.instagram.com/p/CfUcYGmghcD/,73,1,13,0,0,74,
17910117611553643,2022-06-22T15:32:54+0000,IMAGE,FEED,https://www.instagram.com/p/CfHNrfJLN4p/,58,1,23,2,0,61,
17961850117778632,2022-06-21T22:04:41+0000,CAROUSEL_ALBUM,FEED,https://www.instagram.com/p/CfFVuE4L_1M/,219,12,25,5,0,236,
17945462585056183,2022-06-15T14:39:55+0000,IMAGE,FEED,https://www.instagram.com/p/Ce1GDUXLUxv/,48,0,48,0,0,48,
17955638935873443,2022-06-13T18:26:31+0000,IMAGE,FEED,https://www.instagram.com/p/CewWZIUgWRf/,131,0,27,4,0,135,
17952125752808942,2022-06-11T00:32:02+0000,IMAGE,FEED,https://www.instagram.com/p/CepR1rFMnjk/,53,0,27,0,0,53,
17916862103344645,2022-06-10T13:09:58+0000,VIDEO,REELS,https://www.instagram.com/reel/CeoDtvoq-P5/,127,13,18,1,0,141,
17944105102911907,2022-06-09T21:41:00+0000,CAROUSEL_ALBUM,FEED,https://www.instagram.com/p/CemZeFeLFgm/,59,1,35,1,0,61,
17926854770365809,2022-06-09T15:38:41+0000,IMAGE,FEED,https://www.instagram.com/p/CelwAdBr-vE/,35,0,14,2,0,37,
17954915179868067,2022-06-09T12:22:26+0000,IMAGE,FEED,https://www.instagram.com/p/CelZjA-A5AB/,33,2,8,1,0,36,
17950667632906508,2022-06-08T22:27:43+0000,CAROUSEL_ALBUM,FEED,https://www.instagram.com/p/Cej6BWtr6EY/,49,1,7,1,0,51,
18016430521397893,2022-06-08T10:43:17+0000,IMAGE,FEED,https://www.instagram.com/p/CeipZ7jgNAJ/,28,0,9,0,0,28,
17923266431291341,2022-06-07T22:36:48+0000,IMAGE,FEED,https://www.instagram.com/p/CehWRGLrxvi/,26,1,7,0,0,27,
17940554375115640,2022-06-07T20:42:31+0000,IMAGE,FEED,https://www.instagram.com/p/CehJL_LvW7q/,16,0,7,0,0,16,
17921957363410191,2022-06-07T16:36:39+0000,IMAGE,FEED,https://www.instagram.com/p/CegtDPOrYck/,58,1,25,2,0,61,
17920657256322730,2022-06-06T23:57:36+0000,IMAGE,FEED,https://www.instagram.com/p/Cee6uC1MTTL/,85,0,18,0,0,85,
17928351062494495,2022-06-06T13:25:19+0000,IMAGE,FEED,https://www.instagram.com/p/CedyW9OL-t4/,21,0,12,0,0,21,
17910337994476592,2022-06-01T20:57:12+0000,VIDEO,REELS,https://www.instagram.com/reel/CeRt__JhOo8/,74,5,12,3,0,82,
17929699403332749,2022-06-01T17:20:39+0000,IMAGE,FEED,https://www.instagram.com/p/CeRVUSoghSP/,44,0,8,0,0,44,
18144071020252581,2022-06-01T14:53:34+0000,IMAGE,FEED,https://www.instagram.com/p/CeREe-GLui9/,25,0,18,0,0,25,
18168193747226674,2022-06-01T11:49:58+0000,IMAGE,FEED,https://www.instagram.com/p/CeQvePiL8AN/,94,1,29,1,0,96,
17907253523564134,2022-05-31T19:22:31+0000,IMAGE,FEED,https://www.instagram.com/p/CeO-d-NvhK5/,25,1,30,1,0,27,
17887276982648660,2022-05-31T17:25:00+0000,IMAGE,FEED,https://www.instagram.com/p/CeOxBTWLn8p/,31,1,14,0,0,32,
17844728369787723,2022-05-31T14:17:09+0000,IMAGE,FEED,https://www.instagram.com/p/CeObhcMrYCi/,61,2,14,0,0,63,
17875244555692877,2022-05-30T20:49:17+0000,IMAGE,FEED,https://www.instagram.com/p/CeMjmnNvx-k/,57,3,14,0,0,60,
17945680960982393,2022-05-30T18:23:54+0000,IMAGE,FEED,https://www.instagram.com/p/CeMS9zSrRsj/,46,2,50,1,0,49,
18011706055409732,2022-05-30T13:15:55+0000,IMAGE,FEED,https://www.instagram.com/p/CeLvt_GLPkg/,56,2,21,0,0,58,
17898600686614776,2022-05-28T19:10:44+0000,IMAGE,FEED,https://www.instagram.com/p/CeHOvDjL0PK/,52,0,16,1,0,53,
17984821930502198,2022-05-27T16:37:13+0000,IMAGE,FEED,https://www.instagram.com/p/CeEYXvwLjei/,40,1,17,1,0,42,
17936072615051470,2022-05-27T11:30:10+0000,IMAGE,FEED,https://www.instagram.com/p/CeD1O4CLunP/,32,1,13,0,0,33,
17918862350328777,2022-05-27T01:03:00+0000,IMAGE,FEED,https://www.instagram.com/p/CeCtdZCsQAq/,28,0,26,0,0,28,
18293716006036818,2022-05-26T16:05:13+0000,IMAGE,FEED,https://www.instagram.com/p/CeBv6fOrbbF/,35,0,17,1,0,36,
17944270679058008,2022-05-26T12:45:37+0000,IMAGE,FEED,https://www.instagram.com/p/CeBZEqBL589/,36,1,15,1,0,38,
18000653623446006,2022-05-25T22:51:35+0000,IMAGE,FEED,https://www.instagram.com/p/Cd_5n-6LdR_/,46,2,33,0,0,48,
17919932768424678,2022-05-25T13:30:02+0000,IMAGE,FEED,https://www.instagram.com/p/Cd-5XDJL3d5/,34,0,30,0,0,34,
17971222324587737,2022-05-24T15:47:01+0000,IMAGE,FEED,https://www.instagram.com/p/Cd8kPd1LSq2/,37,0,10,1,0,38,
17910632513449564,2022-05-23T21:53:52+0000,IMAGE,FEED,https://www.instagram.com/p/Cd6pbdPLojj/,43,1,11,0,0,44,
17971563715591568,2022-05-23T18:13:33+0000,IMAGE,FEED,https://www.instagram.com/p/Cd6QN0Jrvpa/,92,1,8,0,0,93,
17924363963227387,2022-05-23T13:27:12+0000,IMAGE,FEED,https://www.instagram.com/p/Cd5vcltLJc1/,43,0,35,2,1,46,
17967745399565998,2022-05-22T22:32:28+0000,IMAGE,FEED,https://www.instagram.com/p/Cd4JDSbrhA3/,39,0,9,0,0,39,
18216890944124410,2022-05-22T18:54:06+0000,IMAGE,FEED,https://www.instagram.com/p/Cd3wD-9LQQa/,12,0,7,0,0,12,
17865706418686359,2022-05-22T14:48:33+0000,IMAGE,FEED,https://www.instagram.com/p/Cd3T9feLmrG/,30,0,6,0,0,30,
17932721036318804,2022-05-18T13:33:49+0000,IMAGE,FEED,https://www.instagram.com/p/Cds4OrgLc9T/,23,0,33,2,0,25,
18009989479410794,2022-05-17T01:33:29+0000,IMAGE,FEED,https://www.instagram.com/p/CdpA_4nMk0r/,38,0,8,1,0,39,
17944322497981409,2022-05-16T19:00:50+0000,IMAGE,FEED,https://www.instagram.com/p/CdoUECqrEx6/,32,0,8,1,0,33,
17954917678828974,2022-05-16T02:55:45+0000,CAROUSEL_ALBUM,FEED,https://www.instagram.com/p/CdmlnhUsr8o/,62,1,8,0,0,63,
17987766022497540,2022-05-15T21:22:09+0000,IMAGE,FEED,https://www.instagram.com/p/Cdl_cMdL3N9/,50,0,15,1,0,51,
17972158252575246,2022-05-15T13:34:17+0000,IMAGE,FEED,https://www.instagram.com/p/CdlJ5cNLXNT/,50,1,27,1,0,52,
17944164010972079,2022-05-15T05:40:11+0000,CAROUSEL_ALBUM,FEED,https://www.instagram.com/p/CdkTo_3M4LS/,82,2,12,3,0,87,
18018284527385689,2022-05-14T21:35:57+0000,IMAGE,FEED,https://www.instagram.com/p/CdjcOV-r12g/,95,2,6,6,0,103,
17940404234046601,2022-05-14T14:26:56+0000,CAROUSEL_ALBUM,FEED,https://www.instagram.com/p/CdirIKkL-a_/,79,5,11,1,0,85,
17881778477661842,2022-05-13T20:13:23+0000,IMAGE,FEED,https://www.instagram.com/p/Cdgt-utv1wa/,30,4,11,1,0,35,
17921114585271271,2022-05-13T16:43:47+0000,IMAGE,FEED,https://www.instagram.com/p/CdgV_mVrbxe/,41,1,13,2,0,44,
17969589235590930,2022-05-13T12:52:44+0000,IMAGE,FEED,https://www.instagram.com/p/Cdf7jUCrg1m/,52,5,10,0,0,57,
17911088603416448,2022-05-12T19:08:59+0000,CAROUSEL_ALBUM,FEED,https://www.instagram.com/p/CdeB0OEPmrT/,50,1,16,4,0,55,
17974478782517848,2022-05-12T14:39:30+0000,CAROUSEL_ALBUM,FEED,https://www.instagram.com/p/Cddi-engJRR/,86,4,17,2,0,92,
18013042108719046,2022-05-12T00:09:29+0000,CAROUSEL_ALBUM,FEED,https://www.instagram.com/p/Cdb_aOVM2Pp/,88,1,11,1,0,90,
17963529427643125,2022-05-11T12:19:50+0000,CAROUSEL_ALBUM,FEED,https://www.instagram.com/p/CdauMpVr4gu/,49,2,9,1,0,52,
18013068565398468,2022-05-10T23:40:12+0000,CAROUSEL_ALBUM,FEED,https://www.instagram.com/p/CdZXQ-oMTWG/,101,12,45,3,0,116,
17949435943771068,2022-05-09T20:35:35+0000,CAROUSEL_ALBUM,FEED,https://www.instagram.com/p/CdWdV5wv1sI/,146,5,78,1,0,152,
17909879870433807,2022-05-09T17:08:43+0000,IMAGE,FEED,https://www.instagram.com/p/CdWFqwArNEb/,23,0,12,0,0,23,
17967021208612197,2022-05-08T22:31:32+0000,IMAGE,FEED,https://www.instagram.com/p/CdUF0RrrRBc/,21,1,5,0,0,22,
17924085260487495,2022-05-08T21:09:56+0000,CAROUSEL_ALBUM,FEED,https://www.instagram.com/p/CdT8eihLXl_/,37,0,5,0,0,37,
17856692132716019,2022-05-08T18:49:33+0000,IMAGE,FEED,https://www.instagram.com/p/CdTsaW3rb_l/,14,0,6,0,0,14,
17925575645173557,2022-05-07T13:30:08+0000,CAROUSEL_ALBUM,FEED,https://www.instagram.com/p/CdQjD_ALlf9/,74,2,7,1,0,77,
17985630142493560,2022-05-05T20:03:36+0000,CAROUSEL_ALBUM,FEED,https://www.instagram.com/p/CdMGgGLsz4p/,37,0,13,2,0,39,
17946142246923348,2022-05-02T16:37:41+0000,IMAGE,FEED,https://www.instagram.com/p/CdEAjSQs5f8/,80,4,13,2,0,86,
18015257923385493,2022-04-30T16:19:09+0000,IMAGE,FEED,https://www.instagram.com/p/Cc-012BsPcm/,23,0,13,0,0,23,
17916860036397806,2022-04-23T22:53:26+0000,IMAGE,FEED,https://www.instagram.com/p/CctgZfyMBMH/,51,0,6,0,0,51,
17922899234475788,2022-04-19T10:10:47+0000,IMAGE,FEED,https://www.instagram.com/p/Cch18J3MJDb/,140,6,23,1,0,147,
17927557676275269,2022-04-17T22:52:05+0000,IMAGE,FEED,https://www.instagram.com/p/CceDebusxbs/,232,7,12,0,0,239,
17880969299648118,2022-04-13T00:14:14+0000,CAROUSEL_ALBUM,FEED,https://www.instagram.com/p/CcRU5tkM0aA/,107,7,20,1,0,115,
18038679064332259,2022-04-12T16:21:14+0000,VIDEO,REELS,https://www.instagram.com/reel/CcQepatKCI2/,37,1,15,2,0,40,
17936438830913056,2022-04-08T16:59:39+0000,CAROUSEL_ALBUM,FEED,https://www.instagram.com/p/CcGP_P6LW7Q/,229,7,23,5,0,241,
17860346567709942,2022-04-08T14:43:48+0000,VIDEO,REELS,https://www.instagram.com/reel/CcGAXpqIoo1/,23,0,15,1,0,24,
17965898143599812,2022-04-07T19:20:57+0000,CAROUSEL_ALBUM,FEED,https://www.instagram.com/p/CcD7XOJPW71/,57,3,48,0,0,60,
18009356044395596,2022-04-07T12:06:02+0000,VIDEO,REELS,https://www.instagram.com/reel/CcDJjRWIRMM/,16,0,8,0,0,16,
18151190398243700,2022-04-07T01:26:48+0000,CAROUSEL_ALBUM,FEED,https://www.instagram.com/p/CcCAb39Mg6d/,85,5,26,0,0,90,
17917232804463105,2022-04-07T00:37:28+0000,VIDEO,REELS,https://www.instagram.com/reel/CcB6wg1K-9h/,22,0,7,0,0,22,
17924865305111844,2022-04-05T21:10:09+0000,CAROUSEL_ALBUM,FEED,https://www.instagram.com/p/Cb--RUDrkq8/,75,1,6,0,0,76,
17898259193504925,2022-04-05T19:15:36+0000,VIDEO,FEED,https://www.instagram.com/tv/Cb-w-ZWKgYN/,7,0,,,,,400
17936443583011216,2022-04-04T20:41:04+0000,CAROUSEL_ALBUM,FEED,https://www.instagram.com/p/Cb8WJcDr2T4/,129,11,19,2,0,142,
18294101632059575,2022-04-04T19:50:04+0000,VIDEO,FEED,https://www.instagram.com/tv/Cb8QFTCq8VO/,49,0,,,,,400
17961772843621253,2022-04-03T22:44:36+0000,CAROUSEL_ALBUM,FEED,https://www.instagram.com/p/Cb5_fRcAUeb/,160,3,56,7,0,170,
17888196257623016,2022-04-03T13:45:43+0000,VIDEO,FEED,https://www.instagram.com/tv/Cb5BpgBI-Hp/,47,1,,,,,400
17911179524334554,2022-04-01T09:53:44+0000,CAROUSEL_ALBUM,FEED,https://www.instagram.com/p/Cbzdrnwu1B0/,91,3,9,0,0,94,
18004416589408810,2022-03-30T22:41:13+0000,VIDEO,FEED,https://www.instagram.com/tv/CbvrpGhAFas/,106,6,,,,,400
17984780014478944,2022-03-29T22:44:17+0000,CAROUSEL_ALBUM,FEED,https://www.instagram.com/p/CbtHeppL42y/,131,1,41,3,0,135,
18157870879231054,2022-03-29T10:14:08+0000,VIDEO,FEED,https://www.instagram.com/tv/CbrxU-HI4hZ/,48,1,,,,,400
17931611012007823,2022-03-28T15:00:18+0000,CAROUSEL_ALBUM,FEED,https://www.instagram.com/p/CbptlbOru2D/,133,3,12,2,0,138,
17929045385162220,2022-03-28T12:25:57+0000,VIDEO,FEED,https://www.instagram.com/tv/Cbpb2GUqIWy/,17,1,,,,,400
18209125966132488,2022-03-18T21:14:18+0000,CAROUSEL_ALBUM,FEED,https://www.instagram.com/p/CbQob-Cr3ZG/,88,3,10,2,0,93,
17897861000581438,2022-03-18T20:35:32+0000,VIDEO,FEED,https://www.instagram.com/tv/CbQj7HTI6T1/,36,0,,,,,400
17967935911513690,2022-03-18T16:30:38+0000,CAROUSEL_ALBUM,FEED,https://www.instagram.com/p/CbQH-TsroDZ/,117,2,10,4,0,123,
17969664568540708,2022-03-17T21:05:51+0000,VIDEO,FEED,https://www.instagram.com/tv/CbOCl7Wo4Ld/,41,5,,,,,400
17949980017783474,2022-03-16T00:18:01+0000,CAROUSEL_ALBUM,FEED,https://www.instagram.com/p/CbJPE4ts3Or/,80,3,32,2,0,85,
18271255399068443,2022-03-15T23:00:34+0000,VIDEO,FEED,https://www.instagram.com/tv/CbJFmx2oyHA/,152,7,,,,,400
17991855610415836,2022-03-15T13:13:42+0000,CAROUSEL_ALBUM,FEED,https://www.instagram.com/p/CbIDDVfrLVa/,222,8,25,5,0,235,
17850093281712819,2022-03-15T12:42:13+0000,VIDEO,FEED,https://www.instagram.com/tv/CbH_Vr_osit/,22,0,,,,,400
17943065941882741,2022-03-14T23:47:40+0000,CAROUSEL_ALBUM,FEED,https://www.instagram.com/p/CbGmzw-Mv72/,62,0,18,3,0,65,
17952662185685478,2022-03-14T21:22:21+0000,VIDEO,FEED,https://www.instagram.com/tv/CbGTQecqxVn/,43,2,,,,,400
17950235731741699,2022-03-14T15:55:27+0000,CAROUSEL_ALBUM,FEED,https://www.instagram.com/p/CbFwxGKL7G9/,94,4,7,2,0,100,
17926983971056977,2022-03-14T13:18:04+0000,VIDEO,FEED,https://www.instagram.com/tv/CbFeq5WqqtP/,23,0,,,,,400
18022800232361898,2022-03-12T19:23:15+0000,CAROUSEL_ALBUM,FEED,https://www.instagram.com/p/CbA-9V7P2Z0/,183,7,41,6,0,196,
17856412202705898,2022-03-12T18:51:48+0000,VIDEO,FEED,https://www.instagram.com/tv/CbA7FLTJBPb/,37,1,,,,,400
18192094093088618,2022-03-11T15:10:23+0000,CAROUSEL_ALBUM,FEED,https://www.instagram.com/p/Ca99OaELTP_/,77,5,2,4,0,86,
17982162994471537,2022-03-11T14:14:31+0000,VIDEO,FEED,https://www.instagram.com/tv/Ca92C-qoDxp/,21,1,,,,,400
17913630803462524,2022-03-10T21:05:29+0000,CAROUSEL_ALBUM,FEED,https://www.instagram.com/p/Ca8BEVDPF9W/,152,8,65,2,0,162,
17968532422531376,2022-03-10T20:06:55+0000,VIDEO,FEED,https://www.instagram.com/tv/Ca75mwCK67Z/,37,1,,,,,400
18083621539290633,2022-03-10T14:47:57+0000,CAROUSEL_ALBUM,FEED,https://www.instagram.com/p/Ca7V3SCLGST/,179,2,8,4,0,185,
17935130134995423,2022-03-10T13:36:33+0000,VIDEO,FEED,https://www.instagram.com/tv/Ca7NnEoIDds/,20,0,,,,,400
17955829525632208,2022-03-09T23:25:58+0000,CAROUSEL_ALBUM,FEED,https://www.instagram.com/p/Ca5sWZMg38o/,132,7,9,2,0,141,
17910757283410648,2022-03-09T19:57:11+0000,VIDEO,FEED,https://www.instagram.com/tv/Ca5UU_QoORc/,117,7,,,,,400
17913265823280503,2022-03-09T14:12:45+0000,CAROUSEL_ALBUM,FEED,https://www.instagram.com/p/Ca4tCgRr2fg/,49,0,13,1,0,50,
17963244970582213,2022-03-08T14:55:18+0000,VIDEO,FEED,https://www.instagram.com/tv/Ca2M2QvoS7b/,60,2,,,,,400
17933176697044559,2022-03-08T12:00:43+0000,CAROUSEL_ALBUM,FEED,https://www.instagram.com/p/Ca15In2La3Y/,54,1,18,2,0,57,
17915313926226852,2022-03-08T11:42:24+0000,VIDEO,FEED,https://www.instagram.com/tv/Ca13AP7KIJ1/,19,0,,,,,400
17969010586542233,2022-03-07T22:09:23+0000,CAROUSEL_ALBUM,FEED,https://www.instagram.com/p/Ca0Z_t3rhGE/,63,4,4,2,0,69,
17932785026020699,2022-03-07T21:26:18+0000,VIDEO,FEED,https://www.instagram.com/tv/Ca0U-jQI5tc/,10,0,,,,,400
17846423756739849,2022-03-07T17:59:09+0000,CAROUSEL_ALBUM,FEED,https://www.instagram.com/p/Caz9XCUuNFz/,172,5,32,3,0,180,
18129201406266602,2022-03-07T15:28:48+0000,VIDEO,FEED,https://www.instagram.com/tv/CazsFoKIBK2/,49,2,,,,,400
17909368355329243,2022-03-07T13:59:59+0000,CAROUSEL_ALBUM,FEED,https://www.instagram.com/p/Cazh_P7r7Ik/,94,1,12,3,0,98,
17939146087935135,2022-03-07T12:25:51+0000,VIDEO,FEED,https://www.instagram.com/tv/CazXBvpqDHU/,105,1,,,,,400
18202755988178175,2022-03-04T22:19:23+0000,CAROUSEL_ALBUM,FEED,https://www.instagram.com/p/CasswZar2Rk/,60,1,8,1,0,62,
18276409390001684,2022-03-04T21:33:07+0000,VIDEO,FEED,https://www.instagram.com/tv/Casm_zboVyK/,24,1,,,,,400
18049123810315014,2022-03-04T16:19:23+0000,CAROUSEL_ALBUM,FEED,https://www.instagram.com/p/CasDjtwLImq/,158,4,5,3,0,165,
17905307942368427,2022-03-04T13:02:50+0000,VIDEO,FEED,https://www.instagram.com/tv/Cars9Y7qaD3/,28,0,,,,,400
18044124568319574,2022-03-04T11:12:17+0000,CAROUSEL_ALBUM,FEED,https://www.instagram.com/p/CargaZoLi7v/,65,0,3,1,0,66,
17950411156734712,2022-03-04T02:47:32+0000,VIDEO,FEED,https://www.instagram.com/tv/CaqlywcqyMd/,63,0,,,,,400
18120885922301994,2022-03-03T14:47:24+0000,CAROUSEL_ALBUM,FEED,https://www.instagram.com/p/CapUPEFru2P/,193,9,7,4,0,206,
17854710443708448,2022-03-02T14:13:22+0000,VIDEO,FEED,https://www.instagram.com/tv/CamrQDyKXAS/,54,4,,,,,400
17925997895309057,2022-03-02T12:45:49+0000,CAROUSEL_ALBUM,FEED,https://www.instagram.com/p/Camhhq0L0-M/,97,4,16,1,0,102,
18195689752157500,2022-03-02T01:01:34+0000,VIDEO,FEED,https://www.instagram.com/tv/CalQc2goEJa/,84,1,,,,,400
17931991397023343,2022-03-01T22:31:45+0000,CAROUSEL_ALBUM,FEED,https://www.instagram.com/p/Cak_yVlrP3T/,118,2,6,2,0,122,
17913992834366341,2022-03-01T20:58:08+0000,VIDEO,FEED,https://www.instagram.com/tv/Cak088KqhhH/,34,2,,,,,400
17950355215693954,2022-03-01T17:56:03+0000,CAROUSEL_ALBUM,FEED,https://www.instagram.com/p/CakgPGCJg4i/,90,0,6,0,0,90,
18208241053134676,2022-02-24T19:37:48+0000,VIDEO,FEED,https://www.instagram.com/tv/CaXz04EqOKJ/,97,4,,,,,400
17899539404462014,2022-02-23T15:47:24+0000,CAROUSEL_ALBUM,FEED,https://www.instagram.com/p/CaU0vffL0RL/,237,10,42,8,0,255,
17847349781731734,2022-02-23T01:38:00+0000,VIDEO,FEED,https://www.instagram.com/tv/CaTTgRDIe6f/,40,0,,,,,400
18156729343214194,2022-02-22T21:12:07+0000,CAROUSEL_ALBUM,FEED,https://www.instagram.com/p/CaS1G8lvBgQ/,64,3,4,1,0,68,
17895879764537440,2022-02-22T19:37:40+0000,VIDEO,FEED,https://www.instagram.com/tv/CaSpua2qYWv/,51,0,,,,,400
18003731497393663,2022-02-22T13:10:06+0000,CAROUSEL_ALBUM,FEED,https://www.instagram.com/p/CaR98iUr0HU/,253,6,39,17,0,276,
17931419095914260,2022-02-22T02:10:49+0000,VIDEO,FEED,https://www.instagram.com/tv/CaQxspIo0_7/,33,1,,,,,400
17859705803663826,2022-02-21T20:59:58+0000,CAROUSEL_ALBUM,FEED,https://www.instagram.com/p/CaQO7JZvMfN/,73,0,10,2,0,75,
17888228147518636,2022-02-21T14:41:42+0000,VIDEO,FEED,https://www.instagram.com/tv/CaPjlbbKF11/,64,1,,,,,400
17915525039480575,2022-02-21T00:03:03+0000,CAROUSEL_ALBUM,FEED,https://www.instagram.com/p/CaN_FHGsqr_/,121,3,12,7,0,131,
17902264052520870,2022-02-19T23:38:47+0000,VIDEO,FEED,https://www.instagram.com/tv/CaLXacEKy34/,34,0,,,,,400
17939906188779565,2022-02-18T14:34:32+0000,VIDEO,FEED,https://www.instagram.com/tv/CaHz6PzItcD/,78,2,,,,,400
17892458279507220,2022-02-17T14:35:24+0000,VIDEO,FEED,https://www.instagram.com/tv/CaFPo8FIguG/,26,0,,,,,400
17975713084495086,2022-02-16T13:24:05+0000,CAROUSEL_ALBUM,FEED,https://www.instagram.com/p/CaCixwcLILJ/,91,6,28,1,0,98,
17937654478903880,2022-02-16T12:37:39+0000,VIDEO,FEED,https://www.instagram.com/tv/CaCdY42Km1b/,46,4,,,,,400
17893731422497464,2022-02-15T14:32:43+0000,CAROUSEL_ALBUM,FEED,https://www.instagram.com/p/CaAF1goLd7X/,80,2,5,2,0,84,
17959867297542459,2022-02-15T12:40:35+0000,VIDEO,FEED,https://www.instagram.com/tv/CZ_43S8oHVf/,25,0,,,,,400
17901334238397725,2022-02-14T22:44:53+0000,CAROUSEL_ALBUM,FEED,https://www.instagram.com/p/CZ-ZXcPLqMH/,140,2,6,3,0,145,
17976346588488721,2022-02-11T13:30:31+0000,VIDEO,FEED,https://www.instagram.com/p/CZ1rHuTKiIt/,50,0,11,0,0,50,
17894773673533653,2022-02-09T13:53:43+0000,CAROUSEL_ALBUM,FEED,https://www.instagram.com/p/CZwkmrDLfO0/,120,2,8,4,0,126,
18279539197039991,2022-02-09T13:08:03+0000,VIDEO,FEED,https://www.instagram.com/tv/CZwfCjHIlD2/,60,7,,,,,400
17845957355717840,2022-02-08T15:02:05+0000,CAROUSEL_ALBUM,FEED,https://www.instagram.com/p/CZuHocTrn8f/,136,6,6,6,0,148,
17937127189818932,2022-02-08T13:17:53+0000,VIDEO,FEED,https://www.instagram.com/tv/CZt6dMYoFJL/,42,1,,,,,400
18210177697188516,2022-02-04T15:33:25+0000,CAROUSEL_ALBUM,FEED,https://www.instagram.com/p/CZj4CcurAOa/,107,7,7,0,0,114,
17947883074707522,2022-02-04T13:13:58+0000,VIDEO,FEED,https://www.instagram.com/tv/CZjn_kMKV33/,76,5,,,,,400
18275032483044863,2022-02-03T16:24:45+0000,CAROUSEL_ALBUM,FEED,https://www.instagram.com/p/CZhZHiKr7CN/,99,9,7,2,0,110,
17909344742376095,2022-02-03T00:14:38+0000,VIDEO,FEED,https://www.instagram.com/tv/CZfqANuIssR/,43,2,,,,,400
17919496496192059,2022-02-02T11:30:38+0000,VIDEO,FEED,https://www.instagram.com/tv/CZeSAVtITn3/,30,0,,,,,400
18131336665247914,2022-02-01T15:59:02+0000,CAROUSEL_ALBUM,FEED,https://www.instagram.com/p/CZcMle_r6tx/,111,2,5,1,0,114,
17914306343477628,2022-02-01T13:17:17+0000,VIDEO,FEED,https://www.instagram.com/tv/CZb5uujKuPe/,28,0,,,,,400
17877021047581267,2022-01-31T14:38:24+0000,CAROUSEL_ALBUM,FEED,https://www.instagram.com/p/CZZekFiL-ha/,116,1,6,4,0,121,
17917905593225625,2022-01-31T11:11:05+0000,VIDEO,FEED,https://www.instagram.com/tv/CZZGtUUotkZ/,84,1,,,,,400
17917803257193931,2022-01-28T15:41:25+0000,CAROUSEL_ALBUM,FEED,https://www.instagram.com/p/CZR3Y_brVWB/,114,4,7,6,0,124,
17923849136005862,2022-01-28T12:24:21+0000,VIDEO,FEED,https://www.instagram.com/tv/CZRgcLfIIwa/,67,9,,,,,400
17938077100759466,2022-01-27T14:52:44+0000,CAROUSEL_ALBUM,FEED,https://www.instagram.com/p/CZPNBhjrWRh/,120,2,41,5,0,127,
17878232954618584,2022-01-27T11:37:56+0000,VIDEO,FEED,https://www.instagram.com/tv/CZO0AkKIiV2/,60,2,,,,,400
17935143157901537,2022-01-26T16:36:03+0000,CAROUSEL_ALBUM,FEED,https://www.instagram.com/p/CZM0DW-rxHh/,305,11,7,7,0,323,
18145596673242140,2022-01-26T11:04:10+0000,VIDEO,FEED,https://www.instagram.com/tv/CZMN2nJIaET/,46,1,,,,,400
18030620572333294,2022-01-25T14:49:26+0000,CAROUSEL_ALBUM,FEED,https://www.instagram.com/p/CZKDDmDLycr/,198,9,10,3,0,210,
17957649448597829,2022-01-24T21:47:38+0000,VIDEO,FEED,https://www.instagram.com/tv/CZIN-jtopDe/,50,0,,,,,400
17930284213985279,2022-01-21T17:15:45+0000,CAROUSEL_ALBUM,FEED,https://www.instagram.com/p/CZAAnu6rICU/,460,24,16,11,0,495,
18152704483213610,2022-01-20T20:31:13+0000,IMAGE,FEED,https://www.instagram.com/p/CY9yMjgvBb1/,30,0,10,2,0,32,
17946148684685486,2022-01-18T11:22:56+0000,IMAGE,FEED,https://www.instagram.com/p/CY3p2-ZrDwd/,34,0,3,0,0,34,
18203746381134553,2022-01-17T18:50:47+0000,IMAGE,FEED,https://www.instagram.com/p/CY14UVkF6G0/,14,0,3,0,0,14,
17902475240514610,2022-01-17T14:41:27+0000,IMAGE,FEED,https://www.instagram.com/p/CY1byKPrUtB/,36,1,14,1,0,38,
17852097026677562,2022-01-13T22:23:22+0000,IMAGE,FEED,https://www.instagram.com/p/CYr9d2MLXba/,46,0,4,0,0,46,
17921400956022729,2022-01-13T01:20:20+0000,IMAGE,FEED,https://www.instagram.com/p/CYps7B3s6O3/,19,0,4,0,0,19,
18023797276342552,2022-01-12T18:31:03+0000,IMAGE,FEED,https://www.instagram.com/p/CYo-FWPFIS5/,70,2,6,0,0,72,
17894510573463016,2022-01-10T23:51:40+0000,IMAGE,FEED,https://www.instagram.com/p/CYkZL8VMciL/,33,0,,,,,400
17926189130013144,2022-01-06T11:42:38+0000,IMAGE,FEED,https://www.instagram.com/p/CYYykxlr5yS/,142,2,,,,,400
17928946075961916,2022-01-05T18:52:32+0000,IMAGE,FEED,https://www.instagram.com/p/CYW--p5lXNc/,37,0,,,,,400
17941663054742216,2022-01-03T21:24:52+0000,IMAGE,FEED,https://www.instagram.com/p/CYSG0nMlSQ6/,77,1,,,,,400
17943643327703765,2022-01-03T14:00:19+0000,IMAGE,FEED,https://www.instagram.com/p/CYRT8mBrdpx/,40,1,,,,,400
18116952271270802,2021-12-29T12:45:46+0000,IMAGE,FEED,https://www.instagram.com/p/CYETcJzriim/,71,3,,,,,400
18150084016214156,2021-12-28T20:17:37+0000,IMAGE,FEED,https://www.instagram.com/p/CYCiWvcPTWX/,87,0,,,,,400
17927343154972535,2021-12-28T14:47:27+0000,IMAGE,FEED,https://www.instagram.com/p/CYB8kgyrYzS/,26,0,,,,,400
17959315138504984,2021-12-25T13:54:42+0000,IMAGE,FEED,https://www.instagram.com/p/CX6IJmFLNgH/,42,0,,,,,400
17942188180705444,2021-12-23T15:25:03+0000,IMAGE,FEED,https://www.instagram.com/p/CX1I5n-ANZl/,28,0,,,,,400
17867749424604661,2021-12-23T11:54:19+0000,IMAGE,FEED,https://www.instagram.com/p/CX0wyJGggmv/,26,0,,,,,400
17982617158436937,2021-12-20T11:22:25+0000,IMAGE,FEED,https://www.instagram.com/p/CXs-v1ZLfA3/,37,1,,,,,400
17942196214688136,2021-12-17T18:33:35+0000,IMAGE,FEED,https://www.instagram.com/p/CXmBtL2Fax4/,38,0,,,,,400
17886694583498250,2021-12-17T18:01:52+0000,IMAGE,FEED,https://www.instagram.com/p/CXl-E3Wl1eO/,23,1,,,,,400
17904237644505394,2021-12-16T13:13:27+0000,IMAGE,FEED,https://www.instagram.com/p/CXi4RkwrOm2/,30,2,,,,,400
17852430473679505,2021-12-14T18:55:51+0000,IMAGE,FEED,https://www.instagram.com/p/CXeV3okPGVV/,30,0,,,,,400
17962427815513346,2021-12-11T23:02:39+0000,IMAGE,FEED,https://www.instagram.com/p/CXXDupBLrhf/,133,1,,,,,400
17899781015404037,2021-12-08T19:48:10+0000,IMAGE,FEED,https://www.instagram.com/p/CXO_Fk5vfoR/,18,0,,,,,400
17914438676061295,2021-12-08T12:35:36+0000,IMAGE,FEED,https://www.instagram.com/p/CXONlaSrQSF/,83,1,,,,,400
17926519744860285,2021-12-08T12:24:57+0000,IMAGE,FEED,https://www.instagram.com/p/CXOMXamL-c-/,10,0,,,,,400
17850752783679285,2021-12-07T22:25:05+0000,IMAGE,FEED,https://www.instagram.com/p/CXMsP-xrmLw/,19,0,,,,,400
17957794273539540,2021-12-07T17:54:46+0000,IMAGE,FEED,https://www.instagram.com/p/CXMNULLrZ8w/,25,0,,,,,400
17924471224951031,2021-12-02T15:39:32+0000,IMAGE,FEED,https://www.instagram.com/p/CW_F3OqLH9G/,164,4,,,,,400
18270372340063748,2021-12-01T11:14:25+0000,IMAGE,FEED,https://www.instagram.com/p/CW8CulOLpWg/,23,0,,,,,400
17919512003075496,2021-11-26T23:50:06+0000,VIDEO,FEED,https://www.instagram.com/tv/CWwhIuVo4eB/,51,1,,,,,400
17969890699468940,2021-11-23T20:22:41+0000,IMAGE,FEED,https://www.instagram.com/p/CWobHQ1P1Ti/,29,0,,,,,400
17935294276776849,2021-11-22T03:03:33+0000,IMAGE,FEED,https://www.instagram.com/p/CWj_ZjosiF-/,24,0,,,,,400
18170060461161294,2021-11-18T03:17:13+0000,IMAGE,FEED,https://www.instagram.com/p/CWZtyF8M9jX/,48,3,,,,,400
17874691406529719,2021-11-16T19:00:57+0000,IMAGE,FEED,https://www.instagram.com/p/CWWQMeaLuVq/,26,2,,,,,400
18102009580275221,2021-11-14T11:45:47+0000,IMAGE,FEED,https://www.instagram.com/p/CWQUzjErC3l/,23,0,,,,,400
18029304451321644,2021-11-13T01:54:59+0000,IMAGE,FEED,https://www.instagram.com/p/CWMsZdkjINZ/,33,0,,,,,400
18006776533363068,2021-11-12T14:49:42+0000,IMAGE,FEED,https://www.instagram.com/p/CWLgQ0Jr0AI/,69,6,,,,,400
17919460805013907,2021-11-11T21:52:54+0000,IMAGE,FEED,https://www.instagram.com/p/CWJr5jcr1kX/,31,0,,,,,400
17937701932708817,2021-11-08T13:28:10+0000,IMAGE,FEED,https://www.instagram.com/p/CWBDwK8LuRN/,35,2,,,,,400
17875915124593912,2021-11-07T13:56:16+0000,IMAGE,FEED,https://www.instagram.com/p/CV-iLA9rTwm/,51,2,,,,,400
17879538992550096,2021-10-27T21:23:09+0000,IMAGE,FEED,https://www.instagram.com/p/CVjAkdKrkal/,33,1,,,,,400
17889102347383449,2021-10-27T13:54:27+0000,IMAGE,FEED,https://www.instagram.com/p/CViNOMOrihC/,63,0,,,,,400
17895588818373998,2021-10-16T23:01:42+0000,IMAGE,FEED,https://www.instagram.com/p/CVG3GrjME6_/,71,1,,,,,400
17936677969660080,2021-10-13T12:15:36+0000,IMAGE,FEED,https://www.instagram.com/p/CU9-x7nLwo_/,44,2,,,,,400
17914618883018900,2021-10-05T14:46:23+0000,IMAGE,FEED,https://www.instagram.com/p/CUpprM_rvQJ/,64,1,,,,,400
17885269139392478,2021-09-26T18:39:03+0000,IMAGE,FEED,https://www.instagram.com/p/CUS5JcxLzPj/,39,0,,,,,400
17910674045099538,2021-09-25T15:26:41+0000,IMAGE,FEED,https://www.instagram.com/p/CUP-VrKL7pC/,15,1,,,,,400
17921896141768493,2021-09-17T22:28:43+0000,IMAGE,FEED,https://www.instagram.com/p/CT8IRvgroQC/,42,1,,,,,400
17882994398409039,2021-09-17T18:27:45+0000,IMAGE,FEED,https://www.instagram.com/p/CT7sszsLBjb/,40,0,,,,,400
17913774697990335,2021-09-15T23:12:33+0000,VIDEO,FEED,https://www.instagram.com/tv/CT3DcCPqlK9/,70,2,,,,,400
17843212154655428,2021-09-15T00:50:32+0000,IMAGE,FEED,https://www.instagram.com/p/CT0qHz9Domj/,33,1,,,,,400
17988023050391509,2021-09-14T12:07:42+0000,IMAGE,FEED,https://www.instagram.com/p/CTzS0oYL3Um/,95,0,,,,,400
17987251039389745,2021-09-13T21:13:29+0000,IMAGE,FEED,https://www.instagram.com/p/CTxsfP8LbLZ/,36,0,,,,,400
18244915480070256,2021-09-02T14:07:34+0000,IMAGE,FEED,https://www.instagram.com/p/CTUnAB5r5j9/,34,0,,,,,400
17899173095273811,2021-09-02T01:00:38+0000,IMAGE,FEED,https://www.instagram.com/p/CTTM8Y-jCzU/,29,0,,,,,400
17925132652763661,2021-09-01T11:55:44+0000,IMAGE,FEED,https://www.instagram.com/p/CTRzHm2HEYC/,53,0,,,,,400
18009141358321573,2021-08-31T12:21:50+0000,IMAGE,FEED,https://www.instagram.com/p/CTPRT99nyhy/,78,0,,,,,400
17968823986415095,2021-08-30T12:08:47+0000,IMAGE,FEED,https://www.instagram.com/p/CTMrBemLKMv/,60,1,,,,,400
17924180770723740,2021-08-30T01:20:32+0000,IMAGE,FEED,https://www.instagram.com/p/CTLg1fljBY0/,44,1,,,,,400
17906347520082235,2021-08-23T22:49:44+0000,IMAGE,FEED,https://www.instagram.com/p/CS7yzzYn9T6/,287,16,,,,,400
17915093782905985,2021-08-23T11:38:53+0000,IMAGE,FEED,https://www.instagram.com/p/CS6mCS-LtPP/,24,0,,,,,400
17882898683342425,2021-08-20T13:15:24+0000,IMAGE,FEED,https://www.instagram.com/p/CSzCsrsrqJj/,26,0,,,,,400
17918511793852592,2021-08-13T23:38:26+0000,IMAGE,FEED,https://www.instagram.com/p/CSiIbvjnb5q/,35,0,,,,,400
17863215764529525,2021-08-08T22:46:40+0000,IMAGE,FEED,https://www.instagram.com/p/CSVKiNBnvDY/,29,0,,,,,400
17970996703422590,2021-08-07T12:36:38+0000,IMAGE,FEED,https://www.instagram.com/p/CSRf7W6LQru/,38,0,,,,,400
17922192469770602,2021-08-06T16:24:44+0000,IMAGE,FEED,https://www.instagram.com/p/CSPVPJAnYHD/,62,1,,,,,400
18008705059336550,2021-08-06T13:09:04+0000,IMAGE,FEED,https://www.instagram.com/p/CSO-18eLLHj/,39,0,,,,,400
18173009995177910,2021-08-05T21:12:37+0000,IMAGE,FEED,https://www.instagram.com/p/CSNRYtJnV-W/,37,0,,,,,400
18005269057338335,2021-07-28T02:42:39+0000,IMAGE,FEED,https://www.instagram.com/p/CR2sAD4Mlbl/,97,3,,,,,400
17879425835348666,2021-07-24T16:48:35+0000,VIDEO,FEED,https://www.instagram.com/p/CRt5j3BCZkN/,97,6,,,,,400
17918881393713127,2021-07-09T00:33:54+0000,VIDEO,FEED,https://www.instagram.com/p/CRFh_9oir0h/,45,0,,,,,400
17914301653763842,2021-06-02T12:02:03+0000,IMAGE,FEED,https://www.instagram.com/p/CPnfgOGnbBD/,15,0,,,,,400
17926308451590431,2021-05-18T11:13:24+0000,IMAGE,FEED,https://www.instagram.com/p/CPAyAx2nYk7/,265,3,,,,,400
17936960161515769,2021-05-16T03:56:25+0000,IMAGE,FEED,https://www.instagram.com/p/CO62akHn6IE/,103,0,,,,,400
17961183202396869,2021-05-13T15:52:47+0000,IMAGE,FEED,https://www.instagram.com/p/CO0aArSHqTY/,72,5,,,,,400
17928013843565291,2021-05-08T14:35:43+0000,IMAGE,FEED,https://www.instagram.com/p/COnZN4MHAQR/,217,3,,,,,400
17874373001353785,2021-04-25T15:17:17+0000,IMAGE,FEED,https://www.instagram.com/p/COF_o-Inhzo/,65,0,,,,,400
17859095096498399,2021-04-24T14:34:03+0000,IMAGE,FEED,https://www.instagram.com/p/CODV5cInYjl/,134,1,,,,,400
17868153611500171,2021-04-22T13:06:04+0000,IMAGE,FEED,https://www.instagram.com/p/CN-CPNlHH1S/,171,1,,,,,400
17892639386041939,2021-04-18T01:33:07+0000,IMAGE,FEED,https://www.instagram.com/p/CNyfwbwnEjG/,121,2,,,,,400
17906052997739211,2021-04-16T12:44:59+0000,CAROUSEL_ALBUM,FEED,https://www.instagram.com/p/CNujDjSnuCR/,295,19,,,,,400
17892556066851322,2021-01-18T00:08:58+0000,IMAGE,FEED,https://www.instagram.com/p/CKKmlVIAzw7/,137,6,,,,,400
